Time,X,Y,Type
2.291,1321,27,0
2.297,1306,-39,0
2.305,1286,-97,0
2.313,1247,-206,0
2.321,1190,-239,0
2.329,1120,-234,0
2.337,1025,-238,0
2.345,920,-209,0
2.353,804,-185,0
2.361,663,-178,0
2.369,505,-151,0
2.377,330,-118,0
2.385,141,-91,0
2.393,-69,-57,0
2.401,-203,-29,0
2.409,-142,-21,0
2.417,-74,-9,0
2.425,-19,3,0
2.433,-4,13,0
2.441,-1,33,0
2.449,-4,86,0
2.457,-9,162,0
2.465,-4,257,0
2.473,-4,360,0
2.481,-3,431,0
2.489,0,555,0
2.497,0,679,0
2.505,4,814,0
2.513,9,951,0
2.521,11,1084,0
2.529,11,1219,0
2.537,13,1211,0
2.545,23,1214,0
2.553,44,1210,0
2.561,79,1192,0
2.569,127,1188,0
2.577,190,1179,0
2.585,266,1169,0
2.593,335,1146,0
2.6,400,1129,0
2.609,435,1099,0
2.616,476,1094,0
2.624,501,1080,0
2.632,514,1075,0
2.64,521,1068,0
2.648,522,1065,0
2.656,522,1060,0
2.664,516,1051,0
2.672,510,1043,0
2.68,505,1035,0
2.688,501,1030,0
2.696,499,1027,0
2.704,498,1026,0
2.712,497,1024,0
2.72,496,1023,0
2.728,494,1021,0
2.736,491,1020,0
2.744,489,1018,0
2.752,485,1016,0
2.76,482,1014,0
2.768,481,1014,0
2.776,480,1014,0
2.784,480,1013,0
2.792,480,1012,0
2.8,480,1012,0
2.808,482,1012,0
2.816,485,1012,0
2.824,487,1012,0
2.832,492,1012,0
2.84,495,1012,0
2.848,498,1012,0
2.856,499,1013,0
2.864,500,1014,0
2.872,502,1016,0
2.88,505,1019,0
2.888,506,1021,0
2.896,510,1026,0
2.904,515,1031,0
2.912,520,1036,0
2.92,526,1040,0
2.928,530,1042,0
2.936,532,1044,0
2.944,534,1045,0
2.952,535,1045,0
2.96,536,1045,0
2.968,537,1045,0
2.976,538,1045,0
2.984,540,1046,0
2.992,543,1048,0
3,547,1048,0
3.008,550,1050,0
3.016,552,1051,0
3.024,553,1052,0
3.032,554,1053,0
3.04,554,1053,0
3.048,554,1054,0
3.056,555,1054,0
3.064,557,1055,0
3.072,559,1056,0
3.08,561,1057,0
3.088,563,1058,0
3.096,564,1059,0
3.104,566,1060,0
3.112,568,1061,0
3.12,572,1062,0
3.128,572,1063,0
3.176,572,1063,1
3.288,572,1063,2
4.08,572,1063,1
4.176,572,1063,2
4.264,573,1063,0
4.272,573,1063,0
4.28,575,1060,0
4.288,580,1050,0
4.296,594,1030,0
4.304,626,987,0
4.312,676,924,0
4.32,741,842,0
4.328,813,753,0
4.336,900,649,0
4.344,990,538,0
4.352,1085,416,0
4.36,1141,335,0
4.368,1222,209,0
4.376,1296,91,0
4.384,1356,-19,0
4.392,1412,-110,0
4.4,1456,-100,0
4.408,1492,-93,0
4.416,1514,-78,0
4.424,1528,-64,0
4.432,1534,-50,0
4.44,1534,-36,0
4.448,1534,-19,0
4.456,1528,-13,0
4.464,1525,-6,0
4.472,1520,-7,0
4.48,1517,-1,0
4.488,1515,-1,0
4.496,1513,0,0
4.504,1512,0,0
4.512,1511,0,0
4.52,1510,2,0
4.528,1508,5,0
4.536,1507,8,0
4.544,1507,9,0
4.552,1507,10,0
4.56,1507,10,0
4.592,1506,10,0
4.6,1505,10,0
4.607,1504,10,0
4.616,1501,10,0
4.623,1498,10,0
4.631,1495,10,0
4.639,1491,12,0
4.647,1485,15,0
4.655,1482,16,0
4.663,1476,18,0
4.671,1469,20,0
4.679,1461,22,0
4.687,1457,23,0
4.695,1450,24,0
4.703,1448,24,0
4.711,1446,24,0
4.719,1446,24,0
4.727,1446,24,0
4.735,1445,24,0
4.743,1443,24,0
4.751,1440,25,0
4.759,1435,27,0
4.767,1428,29,0
4.775,1420,32,0
4.783,1413,34,0
4.791,1406,36,0
4.799,1399,38,0
4.807,1393,39,0
4.815,1387,40,0
4.823,1382,41,0
4.831,1377,42,0
4.839,1375,42,0
4.847,1373,42,0
4.855,1372,42,0
4.863,1371,42,0
4.871,1371,42,0
4.879,1369,42,0
4.887,1367,42,0
4.895,1367,42,0
4.911,1367,41,0
4.991,1367,41,0
4.999,1367,40,0
5.007,1367,38,0
5.015,1368,36,0
5.023,1369,35,0
5.031,1369,34,0
5.039,1371,32,0
5.047,1372,31,0
5.055,1373,30,0
5.063,1373,30,0
5.071,1374,29,0
5.079,1374,29,0
5.087,1375,29,0
5.095,1376,29,0
5.103,1377,29,0
5.111,1379,27,0
5.119,1381,26,0
5.127,1384,25,0
5.135,1388,22,0
5.143,1390,22,0
5.151,1392,22,0
5.159,1393,22,0
5.199,1393,21,0
5.207,1393,20,0
5.271,1393,20,1
5.359,1393,20,2
5.511,1394,20,0
5.519,1395,22,0
5.527,1401,31,0
5.535,1407,40,0
5.543,1413,49,0
5.551,1424,63,0
5.559,1437,82,0
5.567,1454,107,0
5.575,1470,124,0
5.583,1482,136,0
5.591,1491,142,0
5.599,1493,144,0
5.607,1494,144,0
18.927,1494,144,0
18.935,1496,139,0
18.943,1509,93,0
18.951,1529,41,0
18.959,1582,-108,0
18.967,1653,-176,0
18.975,1744,-182,0
18.985,1842,-169,0
19,1936,-140,0
19,1998,-95,0
19.007,2001,-82,0
19.015,1985,-62,0
19.023,1970,-71,0
19.031,1954,-54,0
19.039,1947,-45,0
19.047,1942,-28,0
19.055,1969,-46,0
19.063,1989,-41,0
19.071,2004,-43,0
19.079,2030,-37,0
19.087,2050,-35,0
19.095,2058,-19,0
19.103,2057,-12,0
19.111,2054,0,0
19.119,2029,22,0
19.127,2015,70,0
19.135,1975,131,0
19.143,1941,209,0
19.151,1919,255,0
19.159,1871,336,0
19.167,1775,420,0
19.175,1625,502,0
19.183,1439,580,0
19.191,1231,650,0
19.199,1013,714,0
19.207,800,776,0
19.215,634,817,0
19.223,527,840,0
19.231,471,850,0
19.239,464,850,0
19.247,472,847,0
19.255,499,840,0
19.262,556,826,0
19.27,638,809,0
19.278,700,794,0
19.286,812,778,0
19.294,943,762,0
19.302,1076,743,0
19.31,1194,725,0
19.318,1284,709,0
19.326,1352,686,0
19.334,1401,670,0
19.342,1426,663,0
19.35,1438,661,0
19.358,1445,661,0
19.366,1446,662,0
69.438,1446,661,0
69.446,1442,653,0
69.454,1419,582,0
69.462,1389,463,0
69.47,1373,354,0
69.478,1366,262,0
69.486,1360,182,0
69.494,1345,118,0
69.502,1325,56,0
69.51,1295,-8,0
69.526,1270,-40,0
69.526,1219,-73,0
69.534,1161,-59,0
69.542,1088,-48,0
69.55,1011,-35,0
69.558,930,-29,0
69.566,841,-22,0
69.574,748,-11,0
69.582,651,0,0
69.59,557,0,0
69.598,453,12,0
69.605,354,30,0
69.614,265,59,0
69.621,182,97,0
69.63,123,138,0
69.638,86,184,0
69.646,68,236,0
69.653,67,290,0
69.661,80,357,0
69.669,115,426,0
69.677,160,494,0
69.685,213,557,0
69.693,276,616,0
69.701,317,645,0
69.709,390,696,0
69.717,475,743,0
69.725,566,784,0
69.733,655,818,0
69.741,739,842,0
69.749,817,857,0
69.757,885,865,0
69.765,950,867,0
69.773,997,867,0
69.781,1037,855,0
69.789,1068,841,0
69.797,1093,825,0
69.805,1107,808,0
69.813,1114,798,0
69.821,1121,778,0
69.829,1127,746,0
69.837,1131,707,0
69.845,1131,669,0
69.853,1128,628,0
69.861,1119,585,0
69.869,1106,541,0
69.877,1089,505,0
69.885,1068,463,0
69.893,1044,427,0
69.901,1021,397,0
69.909,1002,370,0
69.917,989,351,0
69.925,980,340,0
69.933,974,332,0
69.941,972,327,0
69.949,968,322,0
69.957,966,320,0
69.965,965,318,0
69.973,964,317,0
69.981,964,315,0
69.989,964,315,0
69.997,964,314,0
70.005,964,314,0
70.013,964,313,0
70.029,964,312,0
70.109,964,313,0
70.117,964,315,0
70.125,964,322,0
70.133,964,331,0
70.141,964,342,0
70.149,964,352,0
70.157,964,363,0
70.165,964,374,0
70.173,964,387,0
70.181,966,400,0
70.189,969,412,0
70.197,971,427,0
70.205,972,442,0
70.213,975,456,0
70.221,978,468,0
70.229,979,482,0
70.237,980,492,0
70.245,981,506,0
70.253,983,520,0
70.261,983,529,0
70.269,984,539,0
70.277,984,548,0
70.285,984,557,0
70.293,984,565,0
70.301,984,575,0
70.309,984,583,0
70.317,981,589,0
70.325,972,597,0
70.333,952,610,0
70.341,913,623,0
70.349,862,637,0
70.357,799,645,0
70.365,720,645,0
70.373,610,645,0
70.381,534,641,0
70.389,404,635,0
70.397,268,628,0
70.405,134,625,0
70.413,-10,621,0
70.421,-129,618,0
70.429,-103,618,0
70.437,-72,618,0
70.445,-50,621,0
70.452,-21,624,0
70.461,-4,628,0
70.468,-1,631,0
70.477,-1,636,0
70.485,-2,642,0
70.492,-3,644,0
70.724,2,644,0
70.732,4,644,0
70.74,16,648,0
70.748,28,651,0
70.756,36,652,0
70.764,52,656,0
70.772,79,657,0
70.78,123,657,0
70.788,170,641,0
70.796,216,625,0
70.804,255,608,0
70.812,287,591,0
70.82,319,569,0
70.828,353,543,0
70.836,386,513,0
70.844,412,478,0
70.852,437,442,0
70.86,444,427,0
70.868,460,396,0
70.876,476,364,0
70.884,493,332,0
70.892,511,303,0
70.9,527,281,0
70.908,542,261,0
70.916,552,251,0
70.924,562,239,0
70.932,571,233,0
70.94,576,228,0
70.948,582,226,0
70.956,584,226,0
70.964,585,226,0
70.972,587,227,0
70.98,587,228,0
70.988,589,233,0
70.996,591,236,0
71.004,592,239,0
71.012,593,241,0
71.02,594,242,0
72.964,593,242,0
72.972,591,241,0
72.98,584,239,0
72.988,576,235,0
72.996,563,230,0
73.004,542,218,0
73.012,517,199,0
73.02,480,179,0
73.028,440,156,0
73.036,400,129,0
73.044,365,109,0
73.052,350,97,0
73.06,353,93,0
73.068,375,93,0
73.076,449,97,0
73.084,552,108,0
73.092,681,131,0
73.1,812,164,0
73.108,955,207,0
73.116,1040,243,0
73.124,1149,299,0
73.132,1243,353,0
73.14,1327,412,0
73.148,1408,471,0
73.156,1484,531,0
73.168,1561,597,0
73.172,1637,657,0
73.18,1697,707,0
73.188,1745,750,0
73.196,1778,780,0
73.204,1795,798,0
73.212,1802,806,0
73.22,1803,810,0
73.228,1804,810,0
73.236,1804,811,0
89.604,1804,811,0
89.612,1804,809,0
89.62,1804,799,0
89.628,1794,771,0
89.636,1787,718,0
89.644,1785,679,0
89.652,1788,663,0
89.66,1789,661,0
89.668,1790,661,0
89.683,1789,661,0
89.691,1786,661,0
89.699,1775,658,0
89.707,1753,650,0
89.715,1717,636,0
89.723,1677,617,0
89.731,1613,585,0
89.739,1538,541,0
89.747,1461,494,0
89.755,1390,437,0
89.763,1343,376,0
89.771,1304,310,0
89.779,1280,244,0
89.787,1270,180,0
89.795,1266,123,0
89.803,1257,75,0
89.811,1234,35,0
89.819,1195,0,0
89.827,1135,-41,0
89.835,1061,-30,0
89.843,978,-22,0
89.851,909,-6,0
89.859,884,-2,0
89.867,855,4,0
89.875,835,14,0
89.883,825,25,0
89.891,815,36,0
89.899,805,46,0
89.907,792,57,0
89.915,773,67,0
89.923,755,75,0
89.931,731,83,0
89.939,714,88,0
89.947,707,92,0
89.955,705,94,0
90.019,704,94,0
90.027,703,97,0
90.035,697,104,0
90.043,688,116,0
90.051,676,137,0
90.059,668,155,0
90.067,663,171,0
90.075,663,182,0
90.083,663,187,0
90.091,663,191,0
90.099,665,192,0
90.107,666,193,0
90.115,666,194,0
90.123,666,195,0
90.131,667,195,0
90.139,669,195,0
90.147,669,195,0
90.155,672,196,0
90.163,673,198,0
90.171,676,200,0
90.179,678,204,0
90.187,681,208,0
90.195,684,216,0
90.203,687,224,0
90.211,690,231,0
90.219,693,242,0
90.227,696,253,0
90.235,697,257,0
90.243,697,264,0
90.251,698,267,0
90.259,698,270,0
90.267,698,270,0
90.283,698,271,0
90.291,698,271,0
90.299,698,272,0
90.307,698,275,0
90.315,697,280,0
90.323,695,287,0
90.331,693,293,0
90.339,691,300,0
90.347,691,304,0
90.355,691,306,0
90.371,691,306,0
90.419,691,306,1
90.523,691,306,0
90.531,692,306,0
90.538,694,306,0
90.546,697,306,0
90.554,700,306,0
90.562,703,306,0
90.57,706,306,0
90.578,708,306,0
90.586,708,306,0
90.594,709,306,0
90.602,709,306,0
90.61,710,306,0
90.618,711,305,0
90.619,711,305,2
90.626,713,303,0
90.634,716,302,0
90.642,718,300,0
90.65,721,296,0
90.658,724,293,0
90.666,727,290,0
90.674,729,288,0
90.682,731,286,0
90.69,733,285,0
90.698,734,284,0
90.706,735,283,0
90.714,735,282,0
90.722,736,282,0
90.73,736,282,0
90.738,736,281,0
90.754,737,281,0
90.85,737,281,1
90.906,737,281,0
90.914,738,281,0
90.922,740,281,0
90.93,745,281,0
90.938,753,281,0
90.946,760,282,0
90.954,767,282,0
90.962,775,282,0
90.97,784,283,0
90.978,794,285,0
90.986,802,286,0
90.994,810,286,0
91.002,816,287,0
91.01,822,287,0
91.018,824,287,0
91.026,827,288,0
91.034,829,288,0
91.042,829,288,0
91.05,830,288,0
91.058,831,288,0
91.074,831,288,0
91.082,832,288,0
91.09,832,289,0
91.098,833,289,0
91.106,833,289,0
91.114,834,289,0
91.122,834,290,0
91.13,835,290,0
91.29,835,290,2
91.434,835,290,1
91.522,835,290,2
91.57,835,290,0
91.578,836,290,0
91.586,838,290,0
91.594,841,290,0
91.602,845,290,0
91.61,850,290,0
91.618,855,290,0
91.626,863,290,0
91.634,871,290,0
91.642,883,289,0
91.65,896,288,0
91.658,911,286,0
91.666,924,284,0
91.674,933,280,0
91.682,944,278,0
91.69,955,275,0
91.698,966,272,0
91.706,977,270,0
91.714,988,266,0
91.722,996,264,0
91.73,1000,263,0
91.738,1005,262,0
91.746,1007,260,0
91.754,1008,260,0
91.762,1009,259,0
91.77,1010,259,0
91.778,1011,259,0
91.786,1011,259,0
91.794,1011,258,0
91.81,1012,258,0
91.818,1012,258,0
91.826,1013,258,0
91.834,1013,258,0
91.842,1014,258,0
91.858,1014,258,0
91.866,1014,257,0
91.874,1015,257,0
91.882,1015,257,0
91.89,1017,256,0
91.898,1017,256,0
91.906,1018,255,0
91.914,1018,255,0
91.962,1019,255,0
91.97,1019,255,0
91.986,1020,255,0
91.994,1021,255,0
92.002,1022,256,0
92.009,1024,256,0
92.017,1026,257,0
92.025,1030,259,0
92.033,1034,260,0
92.041,1038,261,0
92.049,1041,261,0
92.057,1042,261,0
92.065,1043,262,0
92.073,1043,263,0
92.081,1045,263,0
92.097,1045,263,0
92.105,1045,263,0
92.113,1046,263,0
92.114,1046,263,1
92.121,1047,263,0
92.129,1048,263,0
92.137,1049,263,0
92.145,1052,263,0
92.153,1058,264,0
92.161,1066,265,0
92.169,1073,266,0
92.177,1082,266,0
92.185,1091,266,0
92.193,1099,266,0
92.201,1107,266,0
92.209,1111,266,0
92.217,1114,266,0
92.225,1115,266,0
92.233,1115,266,0
92.241,1116,266,0
92.249,1116,267,0
92.257,1117,267,0
92.273,1117,267,0
92.281,1118,267,0
92.289,1118,267,0
92.305,1119,267,0
92.337,1119,267,0
92.345,1120,267,0
92.353,1121,267,0
92.361,1121,267,0
92.369,1122,267,0
92.377,1122,267,0
92.825,1123,267,0
92.841,1123,267,0
92.953,1123,267,0
92.961,1121,267,0
92.969,1119,266,0
92.977,1115,266,0
92.985,1111,265,0
92.993,1105,264,0
93.001,1097,264,0
93.009,1087,262,0
93.017,1075,259,0
93.025,1054,256,0
93.033,1025,250,0
93.041,991,246,0
93.049,955,241,0
93.057,940,240,0
93.065,915,239,0
93.073,899,239,0
93.081,886,239,0
93.089,876,239,0
93.097,870,239,0
93.105,863,239,0
93.113,858,239,0
93.121,851,240,0
93.129,842,242,0
93.137,833,242,0
93.145,822,243,0
93.153,814,244,0
93.165,806,245,0
93.169,800,247,0
93.177,797,247,0
93.185,794,248,0
93.193,793,249,0
93.201,791,250,0
93.209,790,250,0
93.217,788,251,0
93.225,787,251,0
93.233,785,252,0
93.241,783,252,0
93.249,781,253,0
93.257,778,255,0
93.264,773,257,0
93.273,771,259,0
93.281,769,260,0
93.289,767,263,0
93.297,765,264,0
93.305,764,266,0
93.313,763,267,0
93.32,763,268,0
93.328,762,269,0
93.337,762,270,0
93.344,762,271,0
93.352,762,271,0
93.36,762,272,0
93.368,762,273,0
93.376,762,274,0
93.384,762,275,0
93.392,762,276,0
93.4,763,277,0
93.408,764,277,0
93.416,764,278,0
93.424,765,278,0
93.432,765,279,0
93.44,766,280,0
93.448,768,282,0
93.456,769,284,0
93.464,770,285,0
93.472,772,286,0
93.48,772,287,0
93.488,772,287,0
93.496,773,287,0
93.504,774,287,0
93.512,775,287,0
93.52,776,287,0
93.528,778,287,0
93.536,779,287,0
93.544,782,287,0
93.552,784,287,0
93.56,786,287,0
93.568,787,287,0
93.576,789,287,0
93.584,790,287,0
93.592,791,286,0
93.6,793,285,0
93.608,795,285,0
93.616,796,285,0
93.624,797,284,0
93.632,800,283,0
93.64,801,283,0
93.648,802,283,0
93.656,805,282,0
93.664,807,281,0
93.672,810,281,0
93.68,812,280,0
93.688,812,280,0
93.696,814,280,0
93.704,814,280,0
93.712,815,280,0
93.72,815,280,0
93.728,816,280,0
93.736,817,279,0
93.744,819,279,0
93.752,821,279,0
93.76,823,279,0
93.768,825,279,0
93.776,828,279,0
93.784,832,279,0
93.792,835,279,0
93.8,839,279,0
93.808,842,279,0
93.816,847,279,0
93.824,851,279,0
93.832,855,279,0
93.84,858,279,0
93.848,864,279,0
93.848,864,279,2
93.856,871,279,0
93.864,878,279,0
93.872,883,279,0
93.88,885,279,0
93.888,888,279,0
93.896,890,279,0
93.904,891,279,0
93.912,893,279,0
93.92,894,279,0
93.928,895,279,0
93.936,895,279,0
93.944,896,279,0
93.952,897,279,0
93.96,899,280,0
93.968,901,280,0
93.976,903,280,0
93.984,904,281,0
94.024,905,281,0
94.04,905,282,0
94.048,905,282,1
94.096,905,282,0
94.104,906,282,0
94.112,908,283,0
94.12,910,284,0
94.128,911,285,0
94.128,911,285,2
94.135,912,286,0
94.143,913,286,0
94.151,914,286,0
94.159,914,287,0
94.167,915,287,0
94.175,915,287,0
94.183,916,287,0
94.191,917,288,0
94.199,918,288,0
94.207,918,288,0
94.215,919,289,0
94.223,920,289,0
94.239,920,289,0
94.247,921,289,0
94.263,921,290,0
94.271,921,290,0
94.295,922,290,0
94.303,922,290,0
94.311,922,290,0
94.319,923,290,0
94.327,924,290,0
94.335,924,291,0
94.343,925,291,0
94.351,925,291,0
94.359,927,291,0
94.367,928,291,0
94.375,929,292,0
94.383,930,292,0
94.391,931,292,0
94.399,932,292,0
94.407,933,292,0
94.415,934,292,0
94.423,935,292,0
94.431,936,292,0
94.439,936,292,0
94.447,937,292,0
94.455,938,292,0
94.463,939,292,0
94.471,939,292,0
94.479,941,292,0
94.487,943,292,0
94.495,945,292,0
94.503,946,292,0
94.511,947,292,0
94.519,948,292,0
94.527,949,292,0
94.535,950,292,0
94.543,951,292,0
94.551,952,292,0
94.559,954,292,0
94.567,956,292,0
94.575,958,291,0
94.583,961,290,0
94.591,963,290,0
94.599,964,289,0
94.607,967,288,0
94.615,970,288,0
94.623,973,287,0
94.631,975,287,0
94.639,978,287,0
94.647,980,287,0
94.655,981,287,0
94.663,983,287,0
94.671,984,287,0
94.679,985,287,0
94.735,985,287,1
94.847,985,287,0
94.855,986,287,0
94.863,988,287,0
94.871,993,287,0
94.879,999,288,0
94.887,1006,289,0
94.895,1010,289,0
94.903,1020,290,0
94.911,1028,290,0
94.919,1037,292,0
94.927,1044,292,0
94.935,1055,292,0
94.943,1067,292,0
94.951,1080,292,0
94.959,1093,294,0
94.967,1107,295,0
94.975,1121,296,0
94.983,1136,298,0
94.991,1153,299,0
94.999,1173,301,0
95.007,1184,302,0
95.015,1203,304,0
95.023,1219,308,0
95.031,1232,309,0
95.039,1246,310,0
95.047,1255,311,0
95.055,1266,313,0
95.063,1273,314,0
95.071,1281,315,0
95.079,1286,315,0
95.087,1293,316,0
95.095,1298,317,0
95.103,1302,319,0
95.111,1305,319,0
95.118,1308,319,0
95.127,1309,320,0
95.134,1311,320,0
95.295,1310,320,0
95.303,1310,320,0
95.311,1309,320,0
95.318,1307,319,0
95.326,1306,319,0
95.334,1304,319,0
95.342,1301,318,0
95.35,1299,317,0
95.358,1296,316,0
95.366,1293,315,0
95.374,1290,315,0
95.382,1285,313,0
95.39,1277,312,0
95.398,1270,311,0
95.406,1260,310,0
95.414,1248,308,0
95.422,1233,307,0
95.43,1217,304,0
95.438,1193,301,0
95.446,1165,298,0
95.454,1134,295,0
95.462,1093,293,0
95.47,1054,290,0
95.478,1010,288,0
95.486,969,284,0
95.494,922,282,0
95.502,878,281,0
95.51,843,279,0
95.518,813,279,0
95.526,785,279,0
95.534,771,279,0
95.542,758,279,0
95.55,746,279,0
95.558,738,279,0
95.566,730,279,0
95.574,720,280,0
95.582,712,281,0
95.59,706,282,0
95.598,701,282,0
95.606,698,283,0
95.614,693,284,0
95.622,688,284,0
95.63,686,284,0
95.638,682,284,0
95.646,677,285,0
95.654,675,285,0
95.662,673,286,0
95.67,671,287,0
95.678,670,287,0
95.686,668,287,0
95.694,668,287,0
95.71,668,288,0
95.774,668,288,0
95.782,668,289,0
95.79,667,290,0
95.798,667,292,0
95.806,667,294,0
95.814,667,296,0
95.822,666,298,0
95.83,665,301,0
95.838,665,302,0
95.846,665,305,0
95.854,665,306,0
95.862,665,306,0
95.87,665,307,0
96.374,665,308,0
96.438,665,308,0
96.446,665,309,0
96.454,665,309,0
96.462,666,310,0
96.47,666,310,0
96.478,666,310,0
96.486,667,310,0
96.502,667,310,2
96.51,667,311,0
96.518,667,312,0
96.526,667,312,0
96.534,667,313,0
96.678,667,313,0
96.71,667,313,0
96.718,667,314,0
96.726,666,314,0
96.734,665,314,0
96.742,665,314,0
96.75,663,314,0
96.758,662,315,0
96.766,661,316,0
96.774,658,316,0
96.782,655,317,0
96.79,653,319,0
96.798,652,319,0
96.806,652,319,0
96.814,652,319,0
96.822,651,319,0
96.838,651,319,0
96.854,650,319,0
96.974,650,319,1
97.094,650,319,2
97.134,650,320,0
97.358,650,320,0
97.365,650,321,0
97.374,650,321,0
97.381,650,321,0
97.39,650,322,0
97.397,650,323,0
97.405,651,323,0
97.421,651,324,0
97.429,651,324,0
97.445,651,325,0
97.461,651,325,0
97.469,651,326,0
97.485,651,327,0
97.493,651,327,0
97.501,651,328,0
97.509,651,328,0
97.517,651,328,0
97.525,651,329,0
97.533,650,329,0
97.541,650,330,0
97.549,650,331,0
97.557,648,331,0
97.565,648,331,0
97.581,647,331,0
97.589,647,332,0
97.597,647,332,0
97.613,646,332,0
97.621,646,333,0
97.629,646,333,0
97.637,645,333,0
97.661,644,334,0
98.621,645,334,0
98.629,645,333,0
98.637,646,333,0
98.645,646,333,0
98.653,646,331,0
98.661,647,330,0
98.669,647,328,0
98.677,648,327,0
98.685,648,325,0
98.693,648,323,0
98.701,648,322,0
98.709,648,321,0
98.717,648,319,0
98.725,648,317,0
98.733,648,316,0
98.741,648,315,0
98.749,648,314,0
98.757,648,314,0
98.765,648,313,0
98.773,648,312,0
98.781,648,312,0
98.797,648,312,0
98.805,648,311,0
98.813,648,311,0
98.821,648,311,0
98.829,648,310,0
98.837,647,310,0
98.845,647,309,0
98.853,647,308,0
98.861,647,308,0
98.925,648,308,0
98.933,649,308,0
98.941,650,308,0
98.949,654,308,0
98.957,655,309,0
98.965,655,310,0
98.973,656,311,0
98.981,657,312,0
98.989,658,314,0
98.997,658,315,0
99.005,659,316,0
99.013,660,316,0
99.021,660,317,0
99.029,660,317,0
99.037,660,318,0
99.045,661,318,0
99.061,661,319,0
99.069,661,319,0
99.076,661,320,0
99.085,662,320,0
99.101,662,320,0
99.117,662,321,0
99.124,662,321,0
99.14,662,321,0
99.148,663,322,0
99.156,663,322,0
99.164,663,323,0
99.18,663,323,0
99.188,663,324,0
99.196,664,324,0
99.212,664,325,0
99.22,664,325,0
99.228,665,325,0
99.236,665,325,0
99.244,665,326,0
99.252,666,326,0
99.26,666,327,0
129.828,667,327,0
129.836,668,327,0
129.844,679,316,0
129.852,693,294,0
129.86,712,250,0
129.868,726,191,0
129.876,741,127,0
129.884,751,68,0
129.892,762,28,0
129.906,769,8,0
129.908,774,2,0
129.916,778,-2,0
129.924,779,-1,0
129.932,782,0,0
129.94,784,0,0
129.948,785,0,0
129.956,788,5,0
129.964,790,16,0
129.972,795,34,0
129.98,801,58,0
129.988,805,81,0
129.996,813,109,0
130.004,823,139,0
130.012,833,164,0
130.02,838,177,0
130.028,845,198,0
130.036,850,215,0
130.044,853,230,0
130.052,853,242,0
130.06,853,254,0
130.068,851,264,0
130.076,847,272,0
130.084,843,278,0
130.092,841,282,0
130.1,838,284,0
130.108,838,285,0
130.116,835,287,0
130.124,834,287,0
130.132,834,287,0
130.14,832,288,0
130.148,829,290,0
130.156,825,291,0
130.164,820,294,0
130.172,815,297,0
130.18,807,301,0
130.188,801,306,0
130.196,791,312,0
130.204,781,318,0
130.212,772,324,0
130.219,764,330,0
130.228,755,338,0
130.235,748,347,0
130.244,741,355,0
130.251,739,358,0
130.259,737,362,0
130.267,736,364,0
130.3,736,363,0
130.307,738,362,0
130.315,738,360,0
130.324,738,358,0
130.331,739,358,0
130.339,739,357,0
130.403,740,357,0
130.411,741,356,0
130.419,744,355,0
130.427,747,353,0
130.435,750,352,0
130.443,752,352,0
130.451,753,351,0
130.459,754,351,0
130.467,755,351,0
130.475,756,350,0
130.507,757,350,0
130.523,757,350,0
130.531,759,350,0
130.539,759,350,0
130.547,759,350,1
130.555,761,351,0
130.563,762,352,0
130.571,763,353,0
130.579,765,354,0
130.587,770,355,0
130.595,778,358,0
130.603,795,361,0
130.611,825,367,0
130.619,863,369,0
130.627,902,371,0
130.635,937,371,0
130.643,956,371,0
130.651,968,370,0
130.659,975,367,0
130.667,981,365,0
130.675,985,364,0
130.675,985,364,2
130.683,988,363,0
130.691,990,361,0
130.699,994,357,0
130.707,999,351,0
130.715,1005,344,0
130.723,1013,332,0
130.731,1022,318,0
130.739,1030,297,0
130.747,1037,271,0
130.755,1040,237,0
130.763,1042,196,0
130.771,1042,152,0
130.779,1040,132,0
130.787,1036,96,0
130.795,1036,66,0
130.803,1036,52,0
130.811,1036,39,0
130.819,1036,26,0
130.827,1038,15,0
130.835,1040,8,0
130.843,1041,3,0
130.851,1041,-3,0
130.859,1041,-4,0
130.867,1041,-1,0
130.875,1041,-4,0
130.883,1041,-3,0
130.891,1041,-2,0
130.899,1041,-3,0
130.907,1041,-1,0
130.915,1041,-2,0
130.923,1041,-2,0
130.931,1041,-2,0
130.947,1041,0,0
130.995,1041,-1,0
131.003,1041,-1,0
131.011,1045,-2,0
131.019,1047,-1,0
131.027,1051,-3,0
131.035,1054,-1,0
131.043,1057,-2,0
131.051,1059,0,0
131.083,1060,-1,0
131.091,1060,-1,0
131.099,1060,0,1
131.107,1060,0,0
131.179,1060,0,2
131.323,1060,0,0
131.339,1060,1,0
131.347,1060,1,0
131.379,1060,2,0
131.915,1061,2,0
132.163,1061,2,0
132.171,1061,2,0
132.179,1062,2,0
132.187,1062,1,0
132.195,1063,0,0
132.202,1064,0,0
132.347,1064,0,0
132.355,1064,0,0
132.363,1064,1,0
132.371,1065,1,0
132.379,1065,2,0
132.387,1066,2,0
133.659,1067,2,0
133.667,1068,2,0
133.674,1069,2,0
133.682,1072,2,0
133.69,1074,2,0
133.698,1076,2,0
133.706,1078,2,0
133.714,1079,2,0
133.722,1080,2,0
133.73,1081,2,0
133.738,1081,2,0
133.746,1082,2,0
133.754,1082,2,0
133.762,1083,2,0
133.771,1083,2,0
133.778,1084,2,0
133.794,1085,2,0
133.802,1085,2,0
133.81,1086,2,0
133.818,1087,2,0
133.826,1088,2,0
133.834,1089,2,0
133.842,1091,2,0
133.85,1091,2,0
133.858,1092,2,0
133.866,1095,2,0
133.874,1095,2,0
133.882,1097,2,0
133.89,1099,2,0
133.898,1101,2,0
133.906,1103,1,0
133.914,1105,1,0
133.922,1108,1,0
133.93,1111,0,0
133.938,1115,0,0
133.946,1120,-2,0
133.954,1123,0,0
133.962,1126,0,0
133.97,1128,0,0
133.978,1131,0,0
133.986,1137,-1,0
133.994,1141,-1,0
134.002,1144,0,0
134.01,1147,-1,0
134.018,1152,-1,0
134.026,1156,-1,0
134.034,1160,0,0
134.042,1163,0,0
134.05,1166,0,0
134.058,1169,0,0
134.066,1173,-1,0
134.074,1177,-2,0
134.082,1180,0,0
134.09,1184,0,0
134.098,1186,-1,0
134.106,1190,-1,0
134.114,1193,0,0
134.122,1197,-1,0
134.13,1201,0,0
134.138,1204,-1,0
134.146,1207,0,0
134.154,1210,-1,0
134.162,1215,-3,0
134.17,1216,0,0
134.178,1218,0,0
134.186,1220,-1,0
134.194,1222,-1,0
134.202,1223,0,0
134.21,1224,0,0
134.218,1227,0,0
134.226,1228,-1,0
134.234,1229,-1,0
134.242,1232,-1,0
134.25,1233,0,0
134.258,1234,0,0
134.266,1235,-1,0
134.274,1235,0,0
134.282,1237,0,0
134.29,1238,-1,0
134.298,1239,0,0
134.306,1241,-1,0
134.314,1243,0,0
134.322,1246,-1,0
134.33,1249,-1,0
134.337,1252,0,0
134.345,1255,-1,0
134.353,1258,-1,0
134.361,1260,0,0
134.369,1263,-1,0
134.377,1266,0,0
134.385,1267,-1,0
136.097,1267,0,1
136.201,1267,0,2
136.337,1266,0,0
136.345,1264,1,0
136.353,1260,3,0
136.361,1255,7,0
136.369,1252,10,0
136.377,1247,14,0
136.385,1244,16,0
136.393,1242,16,0
136.401,1242,16,0
136.425,1241,16,0
136.433,1240,16,0
136.441,1239,16,0
136.449,1236,16,0
136.457,1231,18,0
136.465,1225,21,0
136.473,1224,22,0
136.481,1224,22,0
136.585,1224,23,0
137.225,1223,23,0
137.233,1221,23,0
137.241,1214,25,0
137.249,1205,28,0
137.257,1193,35,0
137.265,1180,43,0
137.273,1160,53,0
137.281,1126,69,0
137.289,1086,92,0
137.297,1043,113,0
137.305,1011,135,0
137.313,988,153,0
137.321,977,172,0
137.329,975,187,0
137.337,973,202,0
137.345,976,221,0
137.353,985,241,0
137.361,994,261,0
137.369,999,278,0
137.377,1001,287,0
137.385,1001,301,0
137.393,1000,311,0
137.401,994,319,0
137.409,988,324,0
137.417,983,329,0
137.425,980,330,0
137.433,978,334,0
137.441,978,336,0
137.449,978,337,0
137.465,977,337,0
137.473,977,337,0
137.481,976,337,0
137.489,976,336,0
137.497,975,336,0
137.505,975,336,0
137.513,975,334,0
137.521,975,334,0
137.529,975,333,0
137.537,974,332,0
137.545,974,332,0
137.553,974,332,0
137.577,974,331,0
137.593,973,331,0
137.601,973,330,0
137.609,973,330,0
137.617,973,329,0
137.625,973,329,0
137.633,973,328,0
137.673,973,328,0
137.681,974,328,0
137.689,974,328,0
137.721,975,328,0
137.737,975,328,0
137.745,975,329,0
137.753,975,329,0
137.761,975,331,0
137.768,975,333,0
137.777,975,333,0
137.785,975,335,0
137.793,975,335,0
137.8,975,336,0
137.809,975,336,0
137.816,974,336,0
137.824,974,336,0
137.832,974,337,0
137.84,973,337,0
137.848,972,338,0
137.856,972,338,0
137.864,971,339,0
137.872,971,339,0
137.88,969,339,0
137.888,969,340,0
137.896,968,340,0
137.904,968,341,0
137.92,968,342,0
137.976,967,342,0
137.984,967,342,0
137.992,966,342,0
138,965,343,0
138.008,964,343,0
138.016,963,344,0
138.024,962,345,0
138.032,960,346,0
138.04,959,347,0
138.048,956,349,0
138.056,953,350,0
138.064,951,353,0
138.072,950,354,0
138.08,948,356,0
138.088,947,356,0
138.096,944,359,0
138.104,941,361,0
138.112,937,364,0
138.12,934,365,0
138.128,931,366,0
138.136,929,368,0
138.144,928,369,0
138.152,925,371,0
138.16,925,371,0
138.168,923,373,0
138.176,921,373,0
138.184,919,374,0
138.192,916,376,0
138.2,912,376,0
138.208,910,376,0
138.216,905,377,0
138.224,900,378,0
138.232,898,378,0
138.24,894,378,0
138.248,891,379,0
138.256,888,379,0
138.264,884,380,0
138.272,879,381,0
138.28,876,381,0
138.288,871,381,0
138.296,864,382,0
138.304,858,382,0
138.312,851,383,0
138.32,845,383,0
138.328,838,383,0
138.336,830,386,0
138.344,825,386,0
138.352,818,387,0
138.36,812,387,0
138.368,808,388,0
138.376,805,389,0
138.384,802,389,0
138.392,800,390,0
138.4,799,390,0
138.408,798,390,0
138.616,797,390,0
138.624,797,390,0
138.64,797,390,0
138.648,796,390,0
138.656,796,390,0
138.664,795,390,0
138.671,793,389,0
138.679,793,388,0
138.687,793,387,0
138.695,791,386,0
138.703,791,386,0
138.711,790,385,0
138.719,788,385,0
138.727,788,384,0
138.735,787,383,0
138.743,786,383,0
138.751,785,383,0
138.759,785,383,0
138.767,785,382,0
138.775,784,382,0
138.783,784,381,0
138.791,783,381,0
138.799,782,381,0
138.815,782,380,0
138.831,782,380,0
138.927,782,380,1
139.039,782,380,2
139.207,782,380,0
139.223,783,380,0
139.239,783,380,0
139.255,784,380,0
139.271,784,380,0
139.279,785,380,0
139.287,785,381,0
139.295,785,381,0
139.471,785,381,0
139.479,786,382,0
139.487,786,382,0
139.495,787,382,0
139.503,787,383,0
139.511,787,383,0
139.519,788,383,0
139.543,788,383,0
139.551,788,383,0
139.591,789,383,0
139.623,789,383,0
139.631,790,383,0
139.639,791,383,0
139.647,791,383,0
139.655,792,383,0
139.663,793,383,0
139.671,794,383,0
139.679,796,383,0
139.687,798,383,0
139.695,800,382,0
139.703,801,382,0
139.711,803,381,0
139.719,804,379,0
139.727,805,379,0
139.735,806,379,0
139.751,806,378,0
139.767,807,378,0
139.775,807,378,0
139.799,807,378,0
140.247,807,378,0
140.255,806,378,0
140.263,804,378,0
140.271,802,378,0
140.279,799,378,0
140.287,796,378,0
140.295,795,378,0
140.303,794,378,0
140.311,794,380,0
140.599,795,380,0
140.607,797,382,0
140.615,803,385,0
140.623,814,390,0
140.631,829,397,0
140.639,840,404,0
140.647,850,411,0
140.655,860,427,0
140.663,872,445,0
140.671,880,466,0
140.679,885,478,0
140.687,887,487,0
140.695,888,496,0
140.703,889,497,0
140.711,889,498,0
140.719,889,499,0
140.727,890,499,0
140.735,891,501,0
140.743,892,501,0
140.751,892,501,0
140.759,894,501,0
140.767,897,502,0
140.775,898,502,0
140.783,899,502,0
140.815,900,502,0
140.822,900,500,0
140.83,901,495,0
140.839,903,486,0
140.847,904,481,0
140.855,904,475,0
140.863,906,470,0
140.871,907,465,0
140.879,908,463,0
140.982,908,463,0
140.99,907,463,0
141.222,907,464,0
141.23,907,465,0
141.238,906,467,0
141.246,906,467,0
141.254,906,469,0
141.262,905,469,0
141.27,905,470,0
141.278,904,470,0
141.286,904,471,0
141.294,904,471,0
141.302,904,472,0
141.318,904,472,0
141.326,904,472,0
141.334,904,473,0
141.606,903,473,0
141.614,903,474,0
141.622,902,474,0
141.63,902,475,0
141.638,902,475,0
141.646,901,475,0
142.102,901,476,0
142.11,900,476,0
142.118,898,478,0
142.126,895,481,0
142.134,892,482,0
142.142,890,484,0
142.15,889,484,0
142.158,889,484,0
142.222,888,484,0
142.23,888,485,0
142.238,887,485,0
142.246,887,486,0
142.254,887,487,0
142.262,885,487,0
142.27,885,487,0
142.278,885,487,0
144.526,884,487,0
144.534,884,487,0
144.542,883,487,0
144.55,883,487,0
144.558,883,486,0
144.566,883,486,0
144.574,883,486,0
144.582,883,485,0
144.59,881,485,0
144.606,881,485,0
144.614,881,484,0
144.622,881,483,0
144.638,881,483,0
144.654,881,482,0
144.662,880,482,0
144.67,880,482,0
144.678,880,481,0
144.686,880,481,0
144.694,879,481,0
144.702,879,480,0
144.718,879,479,0
144.726,879,479,0
144.742,879,478,0
144.75,879,478,0
144.758,879,477,0
144.766,879,477,0
144.774,878,476,0
144.782,877,475,0
144.79,877,474,0
144.798,876,474,0
144.806,876,472,0
144.814,876,472,0
144.822,875,470,0
144.83,875,468,0
144.838,874,466,0
144.846,873,464,0
144.854,872,462,0
144.862,871,460,0
144.869,870,457,0
144.878,870,454,0
144.886,868,448,0
144.894,866,443,0
144.901,866,438,0
144.909,866,428,0
144.917,866,415,0
144.925,870,398,0
144.933,876,376,0
144.941,885,353,0
144.949,900,324,0
144.957,920,292,0
144.965,934,275,0
144.973,969,228,0
144.981,1013,174,0
144.989,1060,113,0
144.997,1114,30,0
145.014,1167,-64,0
145.014,1219,-86,0
145.03,1315,-117,0
145.037,1357,-55,0
145.045,1395,-57,0
145.053,1428,-56,0
145.061,1448,-49,0
145.069,1455,-20,0
145.077,1466,-26,0
145.085,1468,-9,0
145.093,1468,-3,0
145.141,1468,0,0
145.154,1466,1,0
145.157,1461,3,0
145.165,1457,6,0
145.173,1453,8,0
145.181,1450,11,0
145.189,1447,13,0
145.197,1445,14,0
145.205,1445,14,0
145.213,1443,14,0
145.221,1443,15,0
145.229,1442,15,0
145.237,1442,15,0
145.245,1441,15,0
145.253,1440,15,0
145.261,1439,15,0
145.269,1437,15,0
145.277,1432,14,0
145.285,1419,14,0
145.293,1395,14,0
145.301,1351,14,0
145.309,1302,17,0
145.317,1255,18,0
145.325,1211,22,0
145.333,1180,25,0
145.341,1165,28,0
145.349,1154,28,0
145.357,1153,28,0
145.373,1152,28,0
145.381,1152,28,0
145.517,1152,27,0
145.525,1154,25,0
145.533,1158,23,0
145.541,1164,19,0
145.549,1174,14,0
145.557,1182,11,0
145.565,1191,7,0
145.573,1198,3,0
145.581,1204,-1,0
145.589,1206,-1,0
145.597,1209,-3,0
145.605,1212,-3,0
145.613,1215,-2,0
145.621,1217,-1,0
145.629,1220,-1,0
145.637,1222,-3,0
145.645,1224,-1,0
145.653,1226,-1,0
145.661,1228,-2,0
145.669,1229,-1,0
145.677,1231,-1,0
145.685,1231,0,0
145.973,1231,0,0
145.981,1231,2,0
145.988,1231,4,0
145.996,1231,5,0
146.005,1231,7,0
146.012,1231,8,0
146.02,1230,11,0
146.028,1230,12,0
146.036,1228,15,0
146.044,1226,19,0
146.053,1224,24,0
146.06,1221,30,0
146.068,1221,38,0
146.076,1220,48,0
146.084,1220,57,0
146.092,1219,68,0
146.1,1219,73,0
146.108,1218,90,0
146.116,1217,102,0
146.124,1214,114,0
146.132,1213,126,0
146.14,1210,137,0
146.148,1204,149,0
146.156,1201,160,0
146.164,1197,171,0
146.172,1192,182,0
146.18,1187,192,0
146.188,1182,198,0
146.196,1178,205,0
146.204,1173,210,0
146.212,1167,215,0
146.22,1162,219,0
146.228,1156,221,0
146.236,1151,221,0
146.244,1148,221,0
146.252,1148,221,0
146.26,1146,223,0
146.268,1141,231,0
146.276,1138,238,0
146.284,1134,239,0
146.292,1131,241,0
146.3,1126,247,0
146.308,1119,260,0
146.316,1111,278,0
146.324,1107,289,0
146.332,1107,293,0
146.34,1107,293,0
174.412,1107,293,0
174.42,1106,292,0
174.428,1105,288,0
174.436,1104,280,0
174.444,1104,273,0
174.452,1104,271,0
174.492,1104,270,0
174.5,1104,270,0
174.508,1106,268,0
174.516,1111,261,0
174.524,1115,252,0
174.532,1124,243,0
174.54,1126,241,0
174.548,1132,241,0
174.556,1136,242,0
174.564,1143,251,0
174.572,1149,261,0
174.58,1161,283,0
174.588,1170,311,0
174.596,1183,344,0
174.604,1197,381,0
174.612,1210,416,0
174.62,1224,452,0
174.628,1234,480,0
174.636,1241,502,0
174.644,1247,517,0
174.652,1253,527,0
174.66,1255,532,0
174.668,1257,537,0
174.676,1258,541,0
174.684,1260,542,0
174.692,1262,543,0
174.7,1262,543,0
174.716,1263,543,0
186.091,1263,543,0
186.099,1257,531,0
186.107,1232,491,0
186.115,1186,423,0
186.123,1129,360,0
186.131,1082,317,0
186.139,1003,251,0
186.147,914,187,0
186.155,822,125,0
186.163,731,75,0
186.171,625,34,0
186.179,528,0,0
186.187,442,-18,0
186.195,382,-6,0
186.203,365,0,0
186.211,363,0,0
186.219,363,1,0
186.227,363,4,0
186.235,366,12,0
186.243,372,23,0
186.251,381,38,0
186.259,391,59,0
186.267,400,79,0
186.275,405,98,0
186.283,410,122,0
186.291,414,143,0
186.299,417,154,0
186.307,425,172,0
186.315,435,188,0
186.323,443,198,0
186.331,452,206,0
186.339,458,211,0
186.347,463,215,0
186.355,467,218,0
186.363,470,222,0
186.371,472,225,0
186.379,475,231,0
186.387,478,239,0
186.395,482,249,0
186.403,488,262,0
186.411,497,276,0
186.419,506,292,0
186.427,511,301,0
186.435,523,316,0
186.443,532,326,0
186.451,542,334,0
186.459,549,340,0
186.467,554,343,0
186.475,558,345,0
186.483,563,347,0
186.491,569,349,0
186.499,572,350,0
186.507,577,350,0
186.515,583,350,0
186.523,587,350,0
186.531,589,350,0
186.539,590,350,0
186.547,592,350,0
186.555,595,350,0
186.563,600,350,0
186.571,610,350,0
186.579,624,351,0
186.587,643,353,0
186.595,661,356,0
186.603,679,358,0
186.611,696,358,0
186.619,713,360,0
186.627,726,361,0
186.635,734,361,0
186.643,739,360,0
186.651,740,359,0
186.659,741,358,0
186.667,744,357,0
186.675,746,356,0
186.683,748,354,0
186.691,750,352,0
186.699,756,351,0
186.707,760,349,0
186.715,768,347,0
186.723,779,345,0
186.731,793,345,0
186.739,806,344,0
186.747,816,344,0
186.755,828,344,0
186.763,838,344,0
186.771,850,344,0
186.779,860,345,0
186.787,874,346,0
186.795,892,347,0
186.803,903,347,0
186.811,925,347,0
186.819,956,345,0
186.827,981,343,0
186.835,1006,342,0
186.843,1028,342,0
186.85,1047,342,0
186.858,1062,342,0
186.866,1078,342,0
186.874,1093,342,0
186.882,1106,342,0
186.89,1117,342,0
186.898,1123,341,0
186.906,1127,340,0
186.914,1132,338,0
186.922,1137,337,0
186.93,1140,336,0
186.938,1141,336,0
186.946,1142,335,0
186.954,1142,335,0
186.962,1143,335,0
186.97,1143,334,0
186.978,1146,334,0
186.986,1148,333,0
186.994,1154,330,0
187.002,1164,327,0
187.01,1175,323,0
187.018,1187,320,0
187.026,1201,316,0
187.034,1209,311,0
187.042,1219,306,0
187.05,1226,303,0
187.058,1233,300,0
187.066,1242,298,0
187.074,1249,295,0
187.082,1255,293,0
187.09,1263,291,0
187.098,1271,288,0
187.106,1283,287,0
187.114,1293,286,0
187.122,1304,285,0
187.13,1312,285,0
187.138,1318,284,0
187.146,1324,284,0
187.154,1332,284,0
187.162,1341,285,0
187.17,1350,288,0
187.178,1359,288,0
187.186,1363,288,0
187.194,1373,289,0
187.202,1381,289,0
187.21,1388,289,0
187.218,1391,289,0
187.226,1392,289,0
187.234,1392,289,0
187.258,1393,289,0
187.266,1394,289,0
187.274,1396,289,0
187.282,1402,288,0
187.29,1407,287,0
187.298,1413,285,0
187.306,1417,283,0
187.314,1421,282,0
187.322,1423,280,0
187.33,1425,280,0
187.338,1426,279,0
187.346,1427,278,0
187.354,1429,278,0
187.362,1430,277,0
187.37,1432,276,0
187.378,1435,274,0
187.386,1436,273,0
187.394,1437,271,0
187.402,1438,271,0
187.41,1438,270,0
187.418,1440,269,0
187.426,1440,268,0
187.434,1440,268,0
187.442,1442,267,0
187.45,1444,266,0
187.458,1448,264,0
187.466,1449,264,0
187.474,1449,263,0
187.506,1449,263,1
187.578,1449,263,2
187.77,1449,263,0
187.778,1449,262,0
187.786,1449,262,0
187.794,1451,262,0
187.802,1451,261,0
187.89,1451,261,1
187.922,1451,261,0
187.93,1452,261,0
187.938,1453,261,0
187.946,1454,261,0
187.954,1456,261,0
187.962,1457,262,0
187.97,1461,263,0
187.978,1467,264,0
187.986,1475,265,0
187.994,1481,266,0
188.002,1487,266,0
188.01,1495,266,0
188.017,1501,267,0
188.026,1504,267,0
188.033,1505,267,0
188.042,1507,267,0
188.05,1509,267,0
188.058,1509,267,0
188.065,1510,267,0
188.073,1510,267,0
188.081,1511,267,0
188.089,1511,267,0
188.097,1512,267,0
188.105,1513,267,0
188.113,1513,267,0
188.145,1514,267,0
188.153,1514,267,0
188.161,1516,267,0
188.169,1516,269,0
188.177,1517,269,0
188.185,1520,270,0
188.193,1520,270,0
188.201,1521,270,0
188.209,1521,270,0
188.217,1522,271,0
188.233,1522,271,0
188.241,1523,271,0
188.249,1523,271,0
188.337,1523,272,0
188.345,1523,272,0
188.369,1524,272,0
188.377,1524,272,0
188.385,1525,272,0
188.393,1525,271,0
188.401,1526,269,0
188.409,1526,269,0
188.417,1526,268,0
188.425,1527,268,0
188.433,1527,268,0
188.441,1527,268,0
188.449,1527,267,0
188.601,1528,267,0
188.649,1528,267,0
188.769,1528,266,0
188.777,1528,265,0
188.785,1526,265,0
188.793,1523,264,0
188.801,1518,261,0
188.809,1512,260,0
188.817,1510,259,0
188.825,1504,257,0
188.833,1494,255,0
188.841,1482,251,0
188.849,1467,249,0
188.857,1443,244,0
188.865,1409,239,0
188.873,1362,235,0
188.881,1305,229,0
188.889,1239,223,0
188.897,1171,221,0
188.905,1098,219,0
188.913,1022,217,0
188.921,943,213,0
188.929,864,210,0
188.937,783,204,0
188.945,704,204,0
188.953,625,198,0
188.961,552,198,0
188.969,487,196,0
188.977,419,193,0
188.985,357,193,0
188.993,306,193,0
189.001,265,193,0
189.009,250,193,0
189.017,230,193,0
189.025,215,195,0
189.033,204,196,0
189.041,195,198,0
189.049,186,200,0
189.057,179,202,0
189.065,172,204,0
189.073,163,206,0
189.081,154,208,0
189.089,146,211,0
189.096,139,212,0
189.104,136,214,0
189.112,134,216,0
189.12,132,217,0
189.128,132,218,0
189.136,131,219,0
189.144,131,220,0
189.152,131,220,0
189.16,130,221,0
189.168,130,222,0
189.176,130,223,0
189.184,130,224,0
189.192,131,227,0
189.2,132,229,0
189.208,135,233,0
189.216,138,237,0
189.224,144,243,0
189.232,151,249,0
189.24,160,256,0
189.248,171,262,0
189.256,177,265,0
189.264,185,271,0
189.272,194,275,0
189.28,201,278,0
189.288,208,282,0
189.296,217,284,0
189.304,225,287,0
189.312,232,289,0
189.32,238,290,0
189.328,242,291,0
189.336,245,291,0
189.344,248,291,0
189.352,249,291,0
189.36,251,291,0
189.368,252,291,0
189.376,253,291,0
189.384,254,291,0
189.392,255,291,0
189.4,256,290,0
189.408,257,290,0
189.416,261,290,0
189.424,268,288,0
189.432,276,286,0
189.44,283,285,0
189.448,291,282,0
189.456,298,280,0
189.464,304,280,0
189.472,306,278,0
189.48,310,276,0
189.488,311,276,0
189.496,314,274,0
189.504,317,273,0
189.512,320,272,0
189.52,323,271,0
189.528,325,270,0
189.536,327,270,0
189.544,329,269,0
189.552,333,267,0
189.56,338,266,0
189.568,341,265,0
189.576,344,265,0
189.584,346,265,0
189.592,347,265,0
189.6,348,265,0
189.608,349,265,0
189.616,351,265,0
189.624,355,265,0
189.632,361,265,0
189.64,367,265,0
189.648,377,265,0
189.656,389,268,0
189.664,402,268,0
189.672,414,269,0
189.68,425,269,0
189.688,434,269,0
189.696,441,269,0
189.704,444,269,0
189.712,448,269,0
189.72,452,269,0
189.728,459,269,0
189.736,467,269,0
189.744,477,269,0
189.752,488,269,0
189.76,503,270,0
189.768,515,272,0
189.776,528,273,0
189.784,543,273,0
189.792,557,274,0
189.8,569,274,0
189.808,576,274,0
189.816,585,275,0
189.824,595,275,0
189.832,603,276,0
189.84,607,276,0
189.848,611,276,0
189.856,614,276,0
189.864,617,276,0
189.872,619,276,0
189.88,620,276,0
189.888,623,276,0
189.896,624,276,0
189.904,626,277,0
189.912,630,277,0
189.92,637,280,0
189.927,645,282,0
189.935,654,284,0
189.936,654,284,2
189.943,662,287,0
189.951,670,288,0
189.959,679,290,0
189.967,684,290,0
189.975,692,292,0
189.983,700,293,0
189.991,708,293,0
189.999,714,294,0
190.007,720,294,0
190.015,723,294,0
190.023,725,294,0
190.031,727,294,0
190.039,728,294,0
190.047,729,294,0
190.055,729,294,0
190.063,730,294,0
190.071,732,294,0
190.079,735,294,0
190.087,739,294,0
190.095,747,295,0
190.103,756,295,0
190.111,763,296,0
190.119,767,296,0
190.127,768,296,0
190.135,769,296,0
190.175,770,296,0
190.199,770,296,0
190.231,770,296,1
190.335,770,296,2
190.383,771,296,0
190.391,771,296,0
190.399,772,296,0
190.407,772,296,0
190.415,773,296,0
190.423,774,296,0
190.431,774,296,0
190.439,775,295,0
190.447,775,295,0
190.455,775,295,0
190.463,776,294,0
190.471,776,294,0
190.479,776,293,0
190.503,777,293,0
190.519,778,293,0
190.527,778,293,0
190.535,779,293,0
190.543,779,293,0
190.551,781,293,0
190.567,781,293,0
190.575,781,294,0
190.583,780,299,0
190.591,772,308,0
190.599,758,317,0
190.607,733,324,0
190.615,731,324,0
190.895,731,324,0
190.903,737,324,0
190.911,742,326,0
190.919,744,327,0
190.927,742,328,0
190.935,740,328,0
190.943,733,325,0
190.951,721,324,0
190.959,709,324,0
190.967,700,324,0
190.975,690,325,0
190.983,680,325,0
190.991,674,327,0
190.999,663,329,0
191.007,650,331,0
191.015,636,334,0
191.023,622,338,0
191.031,604,341,0
191.039,583,345,0
191.047,565,347,0
191.055,551,349,0
191.063,537,351,0
191.071,527,351,0
191.079,519,352,0
191.087,513,352,0
191.095,510,352,0
191.103,507,352,0
191.111,507,352,0
191.119,504,352,0
191.127,503,352,0
191.135,501,352,0
191.143,499,352,0
191.151,497,352,0
191.159,495,351,0
191.167,493,351,0
191.175,490,351,0
191.183,488,350,0
191.191,486,348,0
191.199,484,348,0
191.207,482,346,0
191.215,477,344,0
191.223,475,341,0
191.23,472,339,0
191.239,469,336,0
191.246,468,335,0
191.254,466,333,0
191.262,462,332,0
191.27,460,330,0
191.278,459,328,0
191.286,456,327,0
191.294,454,325,0
191.302,453,323,0
191.31,452,322,0
191.318,451,320,0
191.326,451,319,0
191.334,450,317,0
191.342,449,317,0
191.35,448,316,0
191.358,447,314,0
191.366,447,313,0
191.374,447,312,0
191.382,447,312,0
191.39,447,311,0
191.398,446,310,0
191.406,446,309,0
191.414,446,309,0
191.422,446,308,0
191.43,446,307,0
191.438,446,306,0
191.446,446,306,0
191.518,446,305,0
191.526,446,305,0
191.534,447,304,0
191.542,450,302,0
191.55,452,300,0
191.558,453,298,0
191.566,456,296,0
191.574,457,294,0
191.582,459,292,0
191.59,460,290,0
191.598,461,288,0
191.606,461,287,0
191.614,462,286,0
191.622,464,284,0
191.63,464,284,0
191.638,464,283,0
191.646,465,282,0
191.654,465,282,0
191.662,466,281,0
191.67,466,281,0
191.678,466,280,0
191.686,466,280,0
191.694,467,280,0
191.702,468,280,0
191.71,468,279,0
191.718,468,279,0
191.726,469,278,0
191.734,469,278,0
191.742,470,278,0
191.75,470,278,0
191.758,471,278,0
191.782,471,278,0
191.798,471,278,0
191.966,472,278,0
191.974,473,278,0
191.982,473,278,0
191.982,473,278,1
191.998,474,278,0
192.006,474,278,0
192.014,475,278,0
192.022,476,278,0
192.03,476,278,0
192.038,477,278,0
192.046,479,279,0
192.054,479,279,0
192.062,480,279,0
192.07,481,279,0
192.078,482,279,0
192.086,484,279,0
192.094,485,279,0
192.102,487,279,0
192.11,488,279,0
192.118,489,279,0
192.126,494,280,0
192.134,496,280,0
192.142,499,280,0
192.15,501,280,0
192.158,505,280,0
192.166,507,280,0
192.174,508,280,0
192.182,511,281,0
192.19,513,282,0
192.198,513,282,0
192.206,514,282,0
192.213,514,282,0
192.222,515,282,0
192.23,516,282,0
192.238,517,282,0
192.245,517,282,0
192.253,518,283,0
192.27,518,283,0
192.285,519,283,0
192.31,520,283,0
192.317,520,283,0
192.325,521,283,0
192.333,521,283,0
192.341,522,283,0
192.349,523,283,0
192.357,523,283,0
192.365,524,283,0
192.373,526,283,0
192.381,527,283,0
192.389,527,283,0
192.397,529,283,0
192.405,529,283,0
192.413,530,283,0
192.421,531,283,0
192.429,532,283,0
192.437,533,283,0
192.445,533,283,0
192.453,534,283,0
192.461,535,283,0
192.469,536,283,0
192.477,538,283,0
192.485,538,283,0
192.493,539,282,0
192.501,539,282,0
192.509,540,282,0
192.517,541,282,0
192.525,542,282,0
192.533,542,282,0
192.541,543,282,0
192.549,545,281,0
192.557,546,281,0
192.565,547,281,0
192.573,549,281,0
192.581,550,281,0
192.589,551,281,0
192.597,552,281,0
192.605,553,281,0
192.613,554,281,0
192.621,555,281,0
192.629,557,281,0
192.637,559,281,0
192.645,561,281,0
192.653,562,281,0
192.661,564,281,0
192.669,566,281,0
192.677,567,281,0
192.685,569,281,0
192.693,571,281,0
192.701,572,281,0
192.709,574,281,0
192.717,576,281,0
192.725,577,281,0
192.733,579,281,0
192.741,581,281,0
192.749,584,281,0
192.757,586,281,0
192.765,588,281,0
192.773,590,281,0
192.781,592,281,0
192.789,594,280,0
192.797,597,280,0
192.805,599,280,0
192.813,602,280,0
192.821,605,280,0
192.829,608,280,0
192.837,612,279,0
192.845,615,279,0
192.853,618,279,0
192.861,619,279,0
192.869,622,279,0
192.877,625,279,0
192.885,628,279,0
192.893,631,279,0
192.901,634,279,0
192.909,636,279,0
192.917,637,279,0
192.925,639,279,0
192.933,641,279,0
192.941,642,279,0
192.949,643,279,0
192.957,645,279,0
192.964,646,279,0
192.973,647,279,0
192.981,649,279,0
192.988,652,279,0
192.996,654,279,0
193.004,657,279,0
193.012,660,279,0
193.02,663,279,0
193.028,665,279,0
193.036,667,279,0
193.044,668,278,0
193.052,669,278,0
193.06,669,278,0
193.068,671,278,0
193.076,671,278,0
193.084,672,278,0
193.092,673,278,0
193.1,673,278,0
193.108,675,278,0
193.116,677,278,0
193.124,678,278,0
193.132,679,278,0
193.14,681,278,0
193.148,683,278,0
193.156,685,278,0
193.164,686,278,0
193.172,689,278,0
193.18,693,280,0
193.188,699,281,0
193.196,705,282,0
193.204,713,284,0
193.212,720,286,0
193.22,728,287,0
193.228,738,288,0
193.236,744,288,0
193.244,754,288,0
193.252,763,288,0
193.26,768,288,0
193.268,778,288,0
193.276,786,288,0
193.284,796,288,0
193.292,807,289,0
193.3,819,292,0
193.308,833,293,0
193.316,845,296,0
193.324,857,298,0
193.332,868,300,0
193.34,878,301,0
193.348,892,301,0
193.356,900,301,0
193.364,904,301,0
193.372,911,302,0
193.38,916,302,0
193.388,923,302,0
193.396,928,302,0
193.404,932,302,0
193.412,937,302,0
193.42,940,302,0
193.428,941,302,0
193.436,943,301,0
193.444,945,300,0
193.452,947,299,0
193.46,948,298,0
193.468,949,297,0
193.476,950,296,0
193.484,950,295,0
193.492,951,295,0
193.5,953,295,0
193.508,953,294,0
193.516,953,294,0
193.652,953,294,0
193.668,953,294,0
193.676,952,293,0
193.684,950,293,0
193.692,947,293,0
193.7,945,293,0
193.708,941,293,0
193.716,938,293,0
193.724,932,293,0
193.732,926,294,0
193.732,926,294,2
193.74,924,295,0
193.748,918,295,0
193.756,913,295,0
193.764,909,295,0
193.771,904,295,0
193.78,901,295,0
193.787,900,295,0
193.796,899,295,0
193.803,898,295,0
193.852,898,295,0
193.884,898,295,1
193.94,898,296,0
193.947,898,297,0
193.955,898,298,0
193.963,898,298,0
193.972,898,298,2
193.979,898,299,0
193.987,898,300,0
194.115,898,300,0
194.123,898,300,0
194.131,899,300,0
194.139,899,300,0
194.147,899,301,0
194.155,900,301,0
194.163,901,301,0
194.171,901,301,0
194.187,902,301,0
194.195,902,301,0
194.275,903,301,0
194.291,903,301,0
194.395,903,302,0
194.403,904,302,0
194.515,904,302,1
194.563,904,302,0
194.571,904,303,0
194.579,904,304,0
194.587,904,304,0
194.595,903,305,0
194.603,903,305,0
194.611,903,306,0
194.619,903,306,2
194.867,903,306,0
194.875,903,306,0
194.883,904,306,0
194.895,905,306,0
194.899,905,306,0
194.907,906,306,0
194.915,908,305,0
194.923,909,305,0
194.931,910,305,0
194.939,910,304,0
194.947,911,304,0
195.011,911,304,1
195.083,911,304,0
195.091,911,305,0
195.099,911,305,0
195.107,911,306,0
195.123,911,306,0
195.123,911,306,2
195.147,911,306,0
195.307,912,306,0
195.315,912,306,0
195.323,913,306,0
195.331,914,306,0
195.339,916,305,0
195.347,919,304,0
195.355,921,304,0
195.363,923,303,0
195.371,926,303,0
195.379,928,302,0
195.387,931,301,0
195.395,932,299,0
195.403,934,299,0
195.411,936,297,0
195.419,936,297,0
195.427,937,296,0
195.435,938,296,0
195.443,939,295,0
195.451,939,295,0
195.459,940,295,0
195.523,940,295,1
195.619,940,295,0
195.627,940,295,2
195.931,941,295,0
197.035,942,295,0
197.043,942,295,0
197.051,943,295,0
197.067,943,295,0
197.587,944,295,0
197.987,944,295,0
197.995,943,296,0
198.003,942,296,0
198.011,940,297,0
198.019,937,297,0
198.027,934,298,0
198.035,930,298,0
198.043,926,298,0
198.051,921,298,0
198.059,915,298,0
198.067,908,299,0
198.075,900,299,0
198.083,890,299,0
198.091,884,299,0
198.099,875,299,0
198.107,866,299,0
198.115,855,299,0
198.123,845,297,0
198.131,835,297,0
198.139,825,295,0
198.147,819,295,0
198.155,812,295,0
198.163,805,295,0
198.171,798,295,0
198.179,793,295,0
198.187,789,295,0
198.195,782,294,0
198.202,776,293,0
198.211,772,293,0
198.219,767,293,0
198.227,760,293,0
198.234,753,292,0
198.243,744,292,0
198.251,736,292,0
198.259,729,292,0
198.266,722,292,0
198.274,717,292,0
198.282,711,292,0
198.29,708,292,0
198.298,706,292,0
198.306,701,292,0
198.314,698,291,0
198.322,694,291,0
198.33,690,291,0
198.338,683,291,0
198.346,679,291,0
198.354,676,291,0
198.362,674,291,0
198.37,670,291,0
198.378,668,291,0
198.386,666,291,0
198.394,665,291,0
198.402,664,291,0
198.658,665,291,0
198.666,665,291,0
198.682,666,291,0
198.69,666,291,0
198.698,667,292,0
198.706,668,292,0
198.714,670,292,0
198.722,670,293,0
198.73,671,294,0
198.738,672,294,0
198.746,673,295,0
198.754,675,295,0
198.762,676,295,0
198.77,677,296,0
198.778,679,296,0
198.786,681,297,0
198.794,682,297,0
198.802,684,298,0
198.81,687,299,0
198.818,689,300,0
198.826,691,300,0
198.834,692,300,0
198.842,693,300,0
198.85,695,301,0
198.858,695,301,0
198.866,696,301,0
198.874,696,302,0
198.882,697,302,0
198.93,698,302,0
198.938,698,302,0
198.946,699,302,0
198.97,699,302,0
198.986,700,302,0
198.994,700,303,0
199.002,700,303,0
199.018,700,303,0
199.026,701,304,0
199.034,702,306,0
199.042,703,308,0
199.05,704,312,0
199.058,706,318,0
199.066,709,329,0
199.074,712,344,0
199.082,716,375,0
199.09,722,431,0
199.098,724,504,0
199.106,724,582,0
199.114,717,675,0
199.122,703,776,0
199.13,694,874,0
199.138,690,966,0
199.146,686,1042,0
199.154,682,1100,0
199.162,676,1123,0
199.17,670,1106,0
199.178,667,1094,0
199.186,666,1084,0
199.194,664,1083,0
199.202,662,1081,0
199.226,662,1079,0
199.234,662,1079,0
199.242,662,1077,0
199.25,661,1075,0
199.258,661,1074,0
199.265,661,1072,0
199.274,660,1070,0
199.282,660,1068,0
199.29,658,1066,0
199.298,657,1064,0
199.306,654,1062,0
199.314,651,1058,0
199.321,646,1055,0
199.329,643,1053,0
199.337,640,1051,0
199.345,639,1049,0
199.353,637,1047,0
199.361,636,1043,0
199.369,635,1042,0
199.377,634,1039,0
199.385,634,1036,0
199.393,634,1035,0
199.401,633,1032,0
199.409,633,1032,0
199.417,633,1031,0
199.425,633,1030,0
199.433,633,1030,0
199.441,635,1029,0
199.449,643,1029,0
199.457,663,1029,0
199.465,707,1033,0
199.473,778,1037,0
199.481,835,1039,0
199.489,946,1042,0
199.497,1075,1042,0
199.505,1208,1044,0
199.513,1340,1044,0
199.521,1461,1044,0
199.529,1567,1040,0
199.537,1642,1038,0
199.545,1691,1038,0
199.553,1713,1038,0
199.561,1722,1038,0
199.569,1726,1039,0
199.577,1726,1039,0
199.585,1727,1039,0
199.593,1727,1040,0
199.601,1729,1041,0
199.609,1732,1042,0
199.617,1735,1042,0
199.625,1738,1043,0
199.633,1739,1043,0
199.641,1740,1044,0
199.673,1740,1044,0
199.681,1740,1044,0
199.689,1742,1045,0
199.697,1745,1047,0
199.705,1752,1047,0
199.713,1761,1047,0
199.721,1773,1047,0
199.729,1787,1047,0
199.737,1801,1047,0
199.745,1811,1047,0
199.753,1815,1047,0
199.761,1817,1046,0
199.785,1817,1046,0
199.793,1814,1046,0
199.801,1811,1048,0
199.809,1805,1050,0
199.817,1799,1052,0
199.825,1796,1055,0
199.833,1794,1057,0
199.841,1791,1060,0
199.849,1789,1061,0
199.857,1788,1063,0
199.865,1787,1063,0
199.873,1787,1063,0
199.881,1785,1064,0
199.889,1784,1065,0
199.897,1783,1065,0
199.905,1783,1065,0
199.913,1782,1065,0
199.921,1781,1065,0
199.929,1779,1066,0
199.937,1776,1067,0
199.945,1771,1068,0
199.953,1768,1070,0
199.961,1763,1070,0
199.969,1757,1072,0
199.977,1751,1073,0
199.985,1747,1073,0
199.993,1745,1073,0
200.001,1744,1073,0
200.025,1744,1073,0
200.041,1743,1073,0
200.049,1743,1073,0
200.057,1742,1073,0
200.065,1741,1071,0
200.073,1740,1071,0
200.081,1738,1071,0
200.089,1737,1070,0
200.097,1735,1069,0
200.105,1735,1069,0
200.113,1735,1069,0
200.121,1734,1069,0
200.129,1734,1068,0
200.193,1734,1068,1
200.281,1734,1068,2
200.393,1734,1068,0
200.4,1734,1067,0
200.408,1734,1066,0
200.416,1734,1065,0
200.424,1734,1064,0
200.432,1735,1062,0
200.44,1735,1060,0
200.448,1735,1057,0
200.456,1735,1055,0
200.464,1735,1053,0
200.472,1735,1050,0
200.48,1735,1047,0
200.488,1735,1045,0
200.496,1735,1041,0
200.504,1735,1038,0
200.512,1737,1035,0
200.52,1738,1032,0
200.528,1738,1029,0
200.536,1738,1028,0
200.544,1738,1025,0
200.552,1739,1021,0
200.56,1740,1018,0
200.568,1741,1012,0
200.576,1741,1007,0
200.584,1741,1003,0
200.592,1741,999,0
200.6,1741,996,0
200.608,1741,993,0
200.616,1742,990,0
200.624,1742,988,0
200.632,1742,986,0
200.64,1742,985,0
