,Frame#,Time,Perspiration
0,0,0.0,0.004525007
1,2,0.1193221,0.005470271
2,3,0.2542475,0.005383796999999999
3,4,0.39199609999999996,0.005103813
4,5,0.5230096,0.005074276
5,6,0.6543648,0.0041143279999999996
6,7,0.7927378,0.005917513
7,8,0.9308974,0.004840504
8,9,1.0552350000000001,0.005917441
9,9,1.0552350000000001,0.005917441
10,10,1.192606,0.005016537
11,11,1.3204639999999999,0.004943523
12,12,1.455943,0.005466633
13,13,1.597326,0.004562957
14,14,1.7285720000000002,0.0043830629999999995
15,15,1.857609,0.004811379
16,17,1.99197,0.004811379
17,18,2.12834,0.004985512
18,19,2.256296,0.004155236
19,20,2.39668,0.005370316
20,22,2.529979,0.0037041120000000003
21,23,2.6600759999999997,0.0065789030000000005
22,24,2.791593,0.004934249
23,25,2.93047,0.006310385999999999
24,26,3.056322,0.005584139
25,27,3.193447,0.008460071
26,28,3.326307,0.00639994
27,29,3.458246,0.007140921999999999
28,30,3.5926089999999995,0.006649985
29,31,3.724562,0.004201391
30,32,3.857737,0.005790027
31,33,3.9921,0.005724246999999999
32,34,4.13368,0.006204650999999999
33,35,4.262244,0.007248477
34,36,4.394865,0.00471231
35,37,4.534314,0.00473638
36,38,4.658596,0.003896229
37,39,4.791461,0.005757246999999999
38,40,4.935146,0.005679421
39,41,5.067505000000001,0.004998725
40,42,5.191185,0.00470065
41,43,5.325661,0.005511108000000001
42,44,5.46775,0.00529236
43,46,5.594478,0.006290419
44,47,5.726335,0.005824406
45,48,5.859496,0.005312036
46,49,5.99141,0.004565033
47,50,6.126780999999999,0.004505729
48,51,6.261744,0.005129062
49,52,6.393603,0.005235282
50,53,6.527003,0.00571137
51,54,6.66993,0.006802526
52,55,6.794772,0.005320909
53,56,6.9275210000000005,0.006268105
54,57,7.060882,0.005028599
55,58,7.235867999999999,0.007014014
56,59,7.326722999999999,0.004683675
57,60,7.459689999999999,0.004838148
58,61,7.5941350000000005,0.005841422
59,62,7.735015,0.005924031999999999
60,63,7.862064999999999,0.004554686
61,64,7.994424,0.006584184
62,65,8.127512,0.007217271999999999
63,66,8.261874,0.005299257
64,67,8.395235000000001,0.006631935
65,68,8.529599000000001,0.006527995
66,69,8.661956,0.004971814000000001
67,70,8.808352000000001,0.005761889
68,71,8.928677,0.00553142
69,72,9.061842,0.006605847
70,73,9.195202,0.005674177
71,74,9.32955,0.008302202
72,75,9.462909,0.005302581999999999
73,76,9.597273,0.005166874
74,77,9.728627000000001,0.005490055
75,78,9.861986,0.004871376
,time,stressor,speed,acceleration,brake,steering,LaneOffset,Lane.Position,Unnamed: 8,Unnamed: 9,a,b,c,d
0,1,0,0.739473499,0.0,263.97399900000005,-0.063850067,-1.043119669,2.868119669,,,1.23e-07,0.0,0.99011023,0.166849442
1,2,0,0.7394747770000001,0.0,263.8275146,-0.057714325,-1.0545351509999998,2.8795351510000002,,,1.37e-07,0.0,0.989560798,0.163417116
2,3,0,0.739473823,0.0,263.8275146,-0.060015228,-1.067222834,2.8922228339999996,,,1.2699999999999999e-07,0.0,0.989560798,0.15960227400000002
3,4,0,0.739474359,0.0,263.8275146,-0.060015228,-1.0783712859999999,2.903371286,,,1.32e-07,0.0,0.989560798,0.156250237
4,5,0,0.739474409,0.0,263.97399900000005,-0.060015228,-1.091177225,2.916177225,,,1.33e-07,0.0,0.99011023,0.152399839
5,6,0,0.739474383,0.0,263.8275146,-0.060015228,-1.1024401190000002,2.927440119,,,1.33e-07,0.0,0.989560798,0.149013393
6,7,0,0.739474396,0.0,263.8275146,-0.060015228,-1.115379572,2.940379572,,,1.33e-07,0.0,0.989560798,0.14512285
7,8,0,0.7394743909999999,0.0,263.68103030000003,-0.060015228,-1.126758814,2.9517588139999997,,,1.33e-07,0.0,0.989011366,0.141701421
8,9,0,0.739474393,0.0,263.97399900000005,-0.060015228,-1.139831781,2.9648317810000004,,,1.33e-07,0.0,0.99011023,0.137770735
9,10,0,0.739475785,0.0,263.97399900000005,-0.041608002000000005,-1.151323557,2.9763235569999997,,,1.48e-07,0.0,0.99011023,0.13431547
10,11,0,0.739481012,0.0,249.91149900000002,0.039882324,-1.164251566,2.989251566,,,2.0399999999999997e-07,0.0,0.937364788,0.13042836800000002
11,12,0,0.739467685,0.0,190.5853271,0.08743432599999999,-1.174701929,2.9997019289999995,,,6.11e-08,0.0,0.7148449570000001,0.127286228
12,13,0,0.739466394,0.0,120.8587646,0.08743432599999999,-1.186407328,3.011407328,,,4.7300000000000007e-08,0.0,0.453315477,0.12376673199999999
13,14,0,0.739461965,0.0,22.128295899999998,0.10047277800000001,-1.196581125,3.021581125,,,0.0,0.0,0.082998523,0.12070774699999999
14,15,0,6.51855214,0.0,18.75915527,0.13805419900000002,-1.234291315,3.059291315,,,0.0618,0.0,0.070361595,0.109369317
15,16,0,8.52148506,8.709411621000001,0.0,0.283778076,-1.30658555,3.13158555,,,0.0832,0.309879801,0.0,0.087632402
16,17,0,15.55738636,12.31567383,0.0,0.243895752,-1.389757395,3.214757395,,,0.158,0.43819016899999996,0.0,0.06262488599999999
17,18,0,20.34838449,12.05200195,0.0,0.243895752,-1.3979246619999999,3.222924662,,,0.21,0.428808756,0.0,0.06016921
18,19,0,25.098293100000003,14.42504883,0.0,0.15262658699999998,-1.219681025,3.044681025,,,0.26,0.513241474,0.0,0.113762234
19,20,0,28.84066906,14.55963135,0.0,0.003834839,-0.89492631,2.71992631,,,0.3,0.518029903,0.0,0.211407163
20,21,0,32.46740298,14.38110352,0.0,-0.078422455,-0.5126898289999999,2.337689829,,,0.33899999999999997,0.511677905,0.0,0.32633529899999997
21,22,0,35.07962455,12.31567383,0.0,-0.127508392,-0.310570002,2.1355700019999997,,,0.36700000000000005,0.43819016899999996,0.0,0.387107245
22,23,0,37.55821124,11.30218506,0.0,0.013038451999999999,-0.265470743,2.090470743,,,0.39299999999999996,0.402130363,0.0,0.40066736799999997
23,24,0,39.498241,13.76586914,0.0,-0.017832001,-0.259477854,2.084477854,,,0.414,0.489787941,0.0,0.402469267
24,25,0,42.36672668,18.341674800000003,0.0,-0.010929291,-0.28442597399999997,2.109425974,,,0.445,0.6525945470000001,0.0,0.39496804399999996
25,26,0,45.25263147,17.638549800000003,0.0,0.021475097999999998,-0.33594536799999997,2.160945368,,,0.47600000000000003,0.627577445,0.0,0.379477561
26,27,0,48.252426799999995,18.341674800000003,0.0,-0.008628387,-0.331043482,2.156043482,,,0.508,0.6525945470000001,0.0,0.380951425
27,28,0,50.85249071,18.47351074,0.0,-0.004793549,-0.343256235,2.168256235,,,0.536,0.657285253,0.0,0.37727938200000005
28,29,0,53.60205066,18.03405762,0.0,-0.0032596129999999997,-0.390253305,2.215253305,,,0.565,0.641649565,0.0,0.36314863799999997
29,30,1,55.85918635,18.56140137,0.0,0.036047485,-0.435423136,2.260423136,,,0.589,0.660412391,0.0,0.349567296
30,31,1,58.21338378,18.73718262,0.0,0.001533936,-0.44728493700000005,2.272284937,,,0.614,0.666666667,0.0,0.346000774
31,32,1,60.45801493,19.396362300000003,0.0,-0.007094451999999999,-0.459015131,2.284015131,,,0.638,0.6901201990000001,0.0,0.34247382299999996
32,33,1,62.98697463,21.11297607,0.0,-0.000959,-0.494728327,2.319728327,,,0.665,0.751197107,0.0,0.331735835
33,34,1,65.29133119,23.35693359,0.0,0.017640259,-0.52030015,2.34530015,,,0.69,0.831036841,0.0,0.324047082
34,35,1,68.01908455,24.63134766,0.0,0.023009032999999998,-0.484281778,2.3092817780000003,,,0.7190000000000001,0.8763803379999999,0.0,0.334876828
35,36,1,70.21676196,23.35693359,0.0,-0.034705292,-0.408176661,2.233176661,,,0.742,0.831036841,0.0,0.357759572
36,37,1,72.79388046,24.54345703,0.0,-0.02166684,-0.462316751,2.287316751,,,0.77,0.8732532,0.0,0.34148111600000003
37,38,1,74.9674498,19.08874512,0.0,-0.0017256770000000001,-0.591205835,2.416205835,,,0.7929999999999999,0.679175217,0.0,0.302727667
38,39,1,76.41574707,16.66900635,0.0,0.030678711,-0.739139795,2.564139795,,,0.809,0.593081208,0.0,0.25824794
39,40,1,77.85167932,20.93719482,0.0,0.023009032999999998,-0.69368577,2.51868577,,,0.8240000000000001,0.744942832,0.0,0.271914731
40,41,1,79.58685892,20.05554199,0.0,0.017640259,-0.492737055,2.317737055,,,0.843,0.7135737320000001,0.0,0.332334556
41,42,1,80.34136047,16.66900635,0.0,-0.0017256770000000001,-0.24995827699999998,2.074958277,,,0.851,0.593081208,0.0,0.405331545
42,43,1,81.20961926,12.79907227,0.0,-0.030870453,0.042968512,1.782031488,,,0.86,0.45538942600000004,0.0,0.493406681
43,44,1,82.00284799,15.96588135,0.0,-0.020132904,0.134691,1.690309,,,0.868,0.568064106,0.0,0.520985143
44,45,1,82.84371525,14.55963135,0.0,-0.016298065,0.072080374,1.752919626,,,0.877,0.518029903,0.0,0.5021598270000001
45,46,1,83.58619622,15.30670166,0.0,-0.017832001,-0.083097696,1.908097696,,,0.885,0.544610574,0.0,0.455501993
46,47,1,84.27797293,8.267211913999999,0.0,0.003834839,-0.34471535700000006,2.169715357,,,0.893,0.294146389,0.0,0.37684066299999996
47,48,1,84.18121473,5.894165039,0.0,0.016106323,-0.579950571,2.404950571,,,0.892,0.20971367100000002,0.0,0.306111819
48,49,1,84.4339542,13.15063477,0.0,0.012271484,-0.787508249,2.6125082490000002,,,0.894,0.467897977,0.0,0.243704858
49,50,1,85.15641743,15.35064697,0.0,0.042183227999999996,-0.867065668,2.692065668,,,0.902,0.546174142,0.0,0.21978410199999998
50,51,1,86.01048351,15.48248291,0.0,-0.004793549,-0.766472101,2.591472101,,,0.9109999999999999,0.550864849,0.0,0.25002985699999997
51,52,1,86.77823413,15.57037354,0.0,0.003067871,-0.62907815,2.45407815,,,0.919,0.5539919870000001,0.0,0.291340489
52,53,1,87.61804703,15.70220947,0.0,-0.008628387,-0.526991129,2.351991129,,,0.9279999999999999,0.558682693,0.0,0.32203528600000003
53,54,1,88.28882353,12.35961914,0.0,-0.010162323000000001,-0.46934723899999997,2.294347239,,,0.9359999999999999,0.43975373799999995,0.0,0.339367239
54,55,1,87.8659679,0.0,29.745483399999998,0.013038451999999999,-0.466604471,2.291604471,,,0.9309999999999999,0.0,0.111568971,0.340191915
55,56,1,86.98430804,0.0,37.50915527,-0.005560516,-0.475048304,2.300048304,,,0.922,0.0,0.14068885,0.33765308299999996
56,57,1,86.02348902,0.0,10.9954834,0.014572388,-0.48874306700000003,2.313743067,,,0.9109999999999999,0.0,0.041241716,0.33353544
57,58,1,85.16385659,0.0,8.505249023,-0.0032596129999999997,-0.491897821,2.316897821,,,0.902,0.0,0.031901377,0.332586891
58,59,1,84.22801120000001,0.0,0.0,0.005368774000000001,-0.5072920320000001,2.332292032,,,0.892,0.0,0.0,0.32795827
59,60,1,83.63064439,5.58380127,0.0,0.008436645999999999,-0.511770487,2.336770487,,,0.8859999999999999,0.198670966,0.0,0.32661172
60,61,1,83.17576804,0.8349609379999999,0.0,-0.0032596129999999997,-0.474500895,2.299500895,,,0.8809999999999999,0.029707808,0.0,0.337817674
61,62,1,82.75541015,4.748840331999999,0.0,-0.0032596129999999997,-0.450651407,2.275651407,,,0.8759999999999999,0.168963158,0.0,0.344988568
62,63,1,82.42195045,7.608032227000001,0.0,0.003067871,-0.438926935,2.263926935,,,0.873,0.27069285600000004,0.0,0.34851379899999996
63,64,1,82.65247799,9.851989746000001,0.0,0.003067871,-0.417398691,2.242398691,,,0.875,0.350532591,0.0,0.35498675700000004
64,65,1,82.66279896,7.695922852000001,0.0,-0.008628387,-0.380068064,2.205068064,,,0.875,0.273819994,0.0,0.366211064
65,66,1,82.75553431,8.135375977,0.0,-0.008628387,-0.37024903299999995,2.195249033,,,0.8759999999999999,0.289455683,0.0,0.36916338
66,67,1,82.86300755,8.442993163999999,0.0,-0.015531096999999999,-0.41688561399999996,2.241885614,,,0.878,0.300400664,0.0,0.355141026
67,68,1,82.45607082,0.0,0.0,-0.0017256770000000001,-0.511923075,2.336923075,,,0.873,0.0,0.0,0.326565841
68,69,1,82.35317377,8.311157227,0.0,0.00690271,-0.630790949,2.4557909490000003,,,0.872,0.295709958,0.0,0.290825497
69,70,1,82.47032011,7.256469727000001,0.0,0.016106323,-0.7065775390000001,2.531577539,,,0.873,0.25818430600000003,0.0,0.268038526
70,71,1,82.57136756,8.003540038999999,0.0,0.003067871,-0.740703821,2.565703821,,,0.8740000000000001,0.284764976,0.0,0.25777768
71,72,1,82.65289394,8.003540038999999,0.0,0.008436645999999999,-0.741340876,2.566340876,,,0.875,0.284764976,0.0,0.25758613399999997
72,73,1,82.72957188,7.827758789,0.0,-0.0032596129999999997,-0.70367074,2.52867074,,,0.8759999999999999,0.278510701,0.0,0.268912522
73,74,1,82.77699119,7.432250977000001,0.0,0.0,-0.664669275,2.489669275,,,0.877,0.264438581,0.0,0.280639204
74,75,1,82.73243431,5.75958252,0.0,-0.010162323000000001,-0.631681681,2.456681681,,,0.8759999999999999,0.20492524199999998,0.0,0.290557678
75,76,1,82.65835667,6.729125977000001,0.0,-0.020132904,-0.640369654,2.465369654,,,0.875,0.23942148,0.0,0.28794544
76,77,1,82.60691381,6.860961914,0.0,-0.020132904,-0.708589792,2.533589792,,,0.875,0.244112186,0.0,0.267433497
77,78,1,82.61873572,7.695922852000001,0.0,-0.023200775,-0.912092447,2.7370924469999998,,,0.875,0.273819994,0.0,0.20624577100000002
78,79,1,82.74259274,8.267211913999999,0.0,-0.023200775,-1.3588964940000001,3.183896494,,,0.8759999999999999,0.294146389,0.0,0.071903921
79,80,1,82.8482688,8.311157227,0.0,-0.02166684,1.727833986,3.747166014,,,0.877,0.295709958,0.0,1.0
80,81,1,82.85014891,7.476196289,0.0,0.042183227999999996,1.090657473,4.384342527,,,0.877,0.26600215,0.0,0.8084183159999999
81,82,1,82.70003964,5.188293456999999,0.0,0.032212646,0.6267712120000001,4.848228788,,,0.8759999999999999,0.18459884699999998,0.0,0.6689403079999999
82,83,1,82.24526449,0.0,17.00134277,0.029144775,0.45281720200000003,5.022182798,,,0.871,0.0,0.063768415,0.616637058
83,84,1,81.44943348,0.0,249.17907709999997,-0.037773163,0.43876957899999997,5.036230421,,,0.862,0.0,0.93461763,0.612413319
84,85,1,80.54052671,0.0,205.9661865,-0.015531096999999999,0.303052187,5.171947813,,,0.853,0.0,0.772535284,0.571606783
85,86,1,79.76380624,0.0,196.5911865,0.013038451999999999,0.079453707,5.395546293,,,0.8440000000000001,0.0,0.737371656,0.5043767889999999
86,87,1,75.06144876,0.0,177.8411865,0.017640259,-0.10684847800000001,5.5818484779999995,,,0.794,0.0,0.6670444010000001,0.44836077799999996
87,88,1,62.95290803,0.0,173.5931396,0.023009032999999998,-0.178576231,5.653576231000001,,,0.665,0.0,0.651110882,0.426794189
88,89,1,48.21720091,0.0,171.8353271,0.009203613000000001,-0.131533384,5.606533384,,,0.507,0.0,0.644517702,0.44093869700000005
89,90,1,38.00934641,0.0,174.6185303,-0.030103485,-0.06325984,5.53825984,,,0.39799999999999996,0.0,0.654956904,0.46146669799999995
90,91,1,27.28507947,0.0,176.5228271,-0.023200775,-0.04026866,5.51526866,,,0.284,0.0,0.662099516,0.46837952200000005
91,92,1,21.79790295,0.0,182.3822021,-0.0032596129999999997,-0.049141645,5.524141645,,,0.225,0.0,0.684076783,0.46571165600000003
92,93,1,14.39056936,0.0,181.2103271,-0.004793549,-0.057780027000000005,5.532780027,,,0.146,0.0,0.6796813290000001,0.463114329
93,94,1,8.560465122,0.0,202.5970459,-0.004793549,-0.06452822700000001,5.539528227000001,,,0.0836,0.0,0.759898355,0.461085329
94,95,1,8.123991103,0.0,174.7650146,0.001533936,-0.069063902,5.544063902,,,0.0789,0.0,0.655506335,0.45972157399999997
95,96,1,7.68600881,0.0,47.17712402,-0.027035614,-0.074679136,5.549679136,,,0.0742,0.0,0.176951341,0.458033226
96,97,1,9.533125677000001,14.38110352,0.0,-0.017832001,-0.082415342,5.5574153420000005,,,0.094,0.511677905,0.0,0.455707159
97,98,1,19.59189242,22.47528076,0.0,-0.010929291,-0.10220217699999999,5.577202177,,,0.201,0.7996677409999999,0.0,0.449757794
98,99,1,27.28325918,24.27978516,0.0,-0.010929291,-0.138920546,5.613920546,,,0.284,0.863871787,0.0,0.438717578
99,100,1,34.51241859,23.70849609,0.0,0.008436645999999999,-0.19833636300000002,5.673336363,,,0.361,0.843545392,0.0,0.420852854
100,101,1,39.18571711,25.77392578,0.0,0.0,-0.25174784699999997,5.726747847,,,0.41100000000000003,0.9170331279999999,0.0,0.40479347
101,102,1,44.46724058,28.10577393,0.0,0.008436645999999999,-0.312842131,5.787842131000001,,,0.467,1.0,0.0,0.38642407700000003
102,103,1,48.64717053,26.03759766,0.0,0.008436645999999999,-0.348986387,5.823986387000001,,,0.512,0.926414541,0.0,0.37555648
103,104,1,53.47830779,28.06182861,0.0,0.013038451999999999,-0.357186079,5.8321860789999995,,,0.564,0.9984364309999999,0.0,0.37309105600000003
104,105,1,57.60458374,27.71026611,0.0,0.009203613000000001,-0.321421385,5.796421385,,,0.608,0.98592788,0.0,0.38384452799999996
105,106,1,62.02525477,26.260070799999998,0.0,-0.010162323000000001,-0.24645686100000003,5.721456861,,,0.655,0.9343301079999999,0.0,0.406384326
106,107,1,65.71692318,26.08154297,0.0,0.009203613000000001,-0.221867323,5.696867322999999,,,0.6940000000000001,0.92797811,0.0,0.413777733
107,108,1,68.72623767,25.64208984,0.0,0.003067871,-0.16910433800000002,5.644104337999999,,,0.727,0.912342421,0.0,0.42964213
108,109,1,71.12799956,26.12823486,0.0,-0.024734711,-0.111668348,5.586668348,,,0.752,0.9296394020000001,0.0,0.446911574
109,110,1,73.81154846,25.24658203,0.0,-0.005560516,-0.126427412,5.6014274120000005,,,0.7809999999999999,0.898270302,0.0,0.44247392399999996
110,111,1,75.90571462,23.26904297,0.0,0.016106323,-0.23291659399999998,5.707916593999999,,,0.8029999999999999,0.8279097040000001,0.0,0.41045551700000005
111,112,1,77.91144958,11.74438477,0.0,0.029144775,-0.34469676,5.81969676,,,0.825,0.41786377399999997,0.0,0.376846255
112,113,1,78.55434922,14.29321289,0.0,0.016106323,-0.35882449200000005,5.833824492000001,,,0.8320000000000001,0.508550767,0.0,0.372598429
113,114,1,79.38058132,13.80981445,0.0,-0.010162323000000001,-0.247753859,5.722753859,,,0.84,0.49135151,0.0,0.405994354
114,115,1,80.02348162,11.30218506,0.0,0.023009032999999998,-0.143194914,5.618194914,,,0.847,0.402130363,0.0,0.43743239100000003
115,116,1,80.71388265,14.735412599999998,0.0,0.03451355,0.016864061,5.458135939,,,0.855,0.524284179,0.0,0.485557781
116,117,1,81.6043434,16.97662354,0.0,0.036047485,0.31488156300000003,5.1601184369999995,,,0.8640000000000001,0.60402619,0.0,0.575163555
117,118,1,82.76689831,16.8447876,0.0,-0.012463226,0.870885134,4.604114866000001,,,0.877,0.599335483,0.0,0.742338739
118,119,1,83.74419113,16.80084229,0.0,-0.010162323000000001,1.421715975,4.053284025,,,0.887,0.597771914,0.0,0.907958622
119,120,1,84.83834705,16.88873291,0.0,-0.005560516,-1.598039865,3.423039865,,,0.899,0.600899052,0.0,0.0
120,121,0,85.7667513,16.97662354,0.0,-0.046976776,-1.138183832,2.963183832,,,0.909,0.60402619,0.0,0.13826622800000002
121,122,0,86.88090986,5.671691895,0.0,-0.030103485,-0.8514025209999999,2.676402521,,,0.9209999999999999,0.20179810399999998,0.0,0.224493585
122,123,0,86.04937181,0.0,233.65173340000004,0.005368774000000001,-0.756553888,2.581553888,,,0.912,0.0,0.8763778720000001,0.253011995
123,124,0,85.08104095,0.0,68.56384277,0.016106323,-0.620756388,2.445756388,,,0.9009999999999999,0.0,0.25716836600000004,0.293842617
124,125,0,84.25076028,0.0,31.79626465,-0.025501678,-0.43209672,2.25709672,,,0.892,0.0,0.119261014,0.35056745899999997
125,126,0,83.30561308,0.0,3.378295898,-0.016298065,-0.305021524,2.130021524,,,0.882,0.0,0.012671268000000001,0.38877552200000004
126,127,0,82.49794561,1.669921875,0.0,-0.004793549,-0.33177018199999997,2.156770182,,,0.8740000000000001,0.059415616,0.0,0.380732926
127,128,0,82.67769308,11.25823975,0.0,0.001533936,-0.443142176,2.268142176,,,0.8759999999999999,0.400566794,0.0,0.34724639
128,129,0,83.06176083,11.70043945,0.0,0.003067871,-0.52676034,2.35176034,,,0.88,0.416300205,0.0,0.32210467800000003
129,130,0,83.64097088,12.97485352,0.0,0.016106323,-0.600546122,2.425546122,,,0.8859999999999999,0.46164370200000004,0.0,0.299919296
130,131,0,84.0685336,11.47796631,0.0,-0.0017256770000000001,-0.600876093,2.4258760930000003,,,0.89,0.40838463799999997,0.0,0.299820082
131,132,0,84.53209908,11.56585693,0.0,0.00690271,-0.595686197,2.4206861969999998,,,0.895,0.411511775,0.0,0.301380543
132,133,0,84.9442713,11.83227539,0.0,0.001533936,-0.572099924,2.397099924,,,0.9,0.42099091200000005,0.0,0.308472295
133,134,0,85.35044554,11.21429443,0.0,0.013038451999999999,-0.5305712220000001,2.355571222,,,0.904,0.399003225,0.0,0.320958849
134,135,0,85.70031759,11.21429443,0.0,0.0,-0.464750528,2.2897505280000003,,,0.9079999999999999,0.399003225,0.0,0.340749345
135,136,0,86.02226343,10.77484131,0.0,-0.000959,-0.37159562100000004,2.1965956209999997,,,0.9109999999999999,0.383367536,0.0,0.368758497
136,137,0,86.34982824,11.21429443,0.0,-0.010929291,-0.300503016,2.125503016,,,0.915,0.399003225,0.0,0.390134114
137,138,0,86.72862284,11.21429443,0.0,-0.010162323000000001,-0.260494471,2.085494471,,,0.919,0.399003225,0.0,0.40216359799999996
138,139,0,87.05066183,11.30218506,0.0,-0.016298065,-0.280119181,2.105119181,,,0.922,0.402130363,0.0,0.39626298
139,140,0,87.10167841,0.0,36.48376465,0.009203613000000001,-0.35767388299999997,2.182673883,,,0.9229999999999999,0.0,0.136842828,0.372944386
140,141,0,86.24673813,0.0,46.59118652,-0.000959,-0.380922556,2.205922556,,,0.914,0.0,0.17475361399999997,0.365954141
141,142,0,85.27581295,0.0,54.940795900000005,0.003834839,-0.40084672,2.22584672,,,0.903,0.0,0.20607122,0.359963486
142,143,0,84.44427814,0.0,53.182983400000005,0.003834839,-0.40675187100000004,2.2317518709999997,,,0.894,0.0,0.19947804,0.35818796700000005
143,144,0,83.49803886,0.0,7.772827147999999,0.00690271,-0.391391993,2.2163919930000002,,,0.884,0.0,0.029154219,0.362806266
144,145,0,82.81623403,5.58380127,0.0,-0.007094451999999999,-0.34662079799999995,2.171620798,,,0.877,0.198670966,0.0,0.376267749
145,146,0,82.71843439,7.608032227000001,0.0,-0.010929291,-0.290251017,2.115251017,,,0.8759999999999999,0.27069285600000004,0.0,0.393216612
146,147,0,82.81862954,7.344360352000001,0.0,-0.010162323000000001,-0.292976618,2.117976618,,,0.877,0.26131144300000003,0.0,0.39239709799999994
147,148,0,82.99523915,11.03851318,0.0,-0.0017256770000000001,-0.35987687100000004,2.1848768709999997,,,0.879,0.39274894899999996,0.0,0.372282008
148,149,0,83.35805148,10.20355225,0.0,0.0,-0.44397378,2.26897378,,,0.883,0.363041141,0.0,0.346996349
149,150,1,83.69070751,10.24749756,0.0,0.014572388,-0.51986146,2.34486146,,,0.8859999999999999,0.36460471,0.0,0.324178984
150,151,1,84.03290304,11.21429443,0.0,0.003834839,-0.515669107,2.340669107,,,0.89,0.399003225,0.0,0.32543951
151,152,1,84.22011922,8.047485352,0.0,-0.010929291,-0.45922875399999996,2.284228754,,,0.892,0.286328545,0.0,0.34240959299999996
152,153,1,84.32431986,8.311157227,0.0,0.012271484,-0.44406914700000005,2.2690691469999997,,,0.893,0.295709958,0.0,0.346967675
153,154,1,84.02592052,0.0,0.0,-0.000959,-0.392606974,2.217606974,,,0.89,0.0,0.0,0.362440954
154,155,1,83.40026024,6.245727539,0.0,0.003834839,-0.34988808600000004,2.1748880859999997,,,0.883,0.222222222,0.0,0.375285364
155,156,1,83.50042916,10.77484131,0.0,-0.013997161999999999,-0.293920755,2.118920755,,,0.884,0.383367536,0.0,0.392113221
156,157,1,83.78015935,10.11566162,0.0,-0.008628387,-0.290579081,2.115579081,,,0.887,0.359914004,0.0,0.39311797200000004
157,158,1,84.1835127,11.21429443,0.0,-0.008628387,-0.34422516799999997,2.169225168,,,0.892,0.399003225,0.0,0.37698805
158,159,1,84.46068578,8.223266602,0.0,-0.0017256770000000001,-0.42408013299999997,2.249080133,,,0.895,0.29258282,0.0,0.35297782899999997
159,160,1,84.49886922,5.495910645,0.0,-0.0017256770000000001,-0.524479151,2.349479151,,,0.895,0.19554382899999997,0.0,0.32279056899999997
160,161,1,84.4942531,11.21429443,0.0,0.010737548999999999,-0.617597818,2.4425978180000003,,,0.895,0.399003225,0.0,0.294792314
161,162,1,84.90645712,11.21429443,0.0,0.012271484,-0.658064127,2.483064127,,,0.899,0.399003225,0.0,0.282625193
162,163,1,85.26587863,10.20355225,0.0,-0.010929291,-0.605680704,2.4306807040000002,,,0.903,0.363041141,0.0,0.29837546600000003
163,164,1,85.47989528,8.311157227,0.0,-0.02166684,-0.5663034920000001,2.391303492,,,0.9059999999999999,0.295709958,0.0,0.310215125
164,165,1,85.58038398,8.486938477,0.0,-0.010162323000000001,-0.613344431,2.438344431,,,0.907,0.301964233,0.0,0.296071192
165,166,1,85.66062347,8.797302246000001,0.0,0.003834839,-0.7502863409999999,2.575286341,,,0.907,0.313006938,0.0,0.25489647600000004
166,167,1,85.80984883,9.280700684,0.0,0.030678711,-0.87217927,2.69717927,,,0.909,0.330206196,0.0,0.21824658
167,168,1,85.98515744,8.530883788999999,0.0,0.0,-0.8924486640000001,2.717448664,,,0.9109999999999999,0.303527802,0.0,0.212152124
168,169,1,85.378359,0.0,258.70056150000005,0.005368774000000001,-0.8583147529999999,2.6833147530000003,,,0.904,0.0,0.9703306890000001,0.22241526399999997
169,170,1,84.44028633,0.0,252.54821780000003,0.037581421000000004,-0.800461106,2.625461106,,,0.894,0.0,0.9472545590000001,0.239810286
170,171,1,83.59767540000001,0.0,257.23571780000003,-0.043141937000000005,-0.66433215,2.48933215,,,0.885,0.0,0.964836372,0.280740568
171,172,1,82.45255882,0.0,244.34509280000003,-0.007094451999999999,-0.6649294729999999,2.489929473,,,0.873,0.0,0.916486384,0.280560969
172,173,1,78.22844594,0.0,236.58142090000004,0.005368774000000001,-0.7354683590000001,2.560468359,,,0.828,0.0,0.887366505,0.259351841
173,174,1,73.92066726,0.0,240.97595209999997,0.025309937,-0.770316014,2.5953160140000002,,,0.782,0.0,0.903849455,0.248874097
174,175,1,73.21557285,0.0,234.67712400000002,-0.0032596129999999997,-0.67565243,2.50065243,,,0.774,0.0,0.8802238929999999,0.277336867
175,176,1,70.10723143,0.0,228.08532709999997,-0.005560516,-0.539130953,2.364130953,,,0.741,0.0,0.855499467,0.31838517
176,177,1,65.76052800000001,0.0,226.62048340000004,-0.0032596129999999997,-0.494163376,2.319163376,,,0.695,0.0,0.850005151,0.3319057
177,178,1,63.34756356,0.0,229.25720209999997,-0.012463226,-0.474122813,2.2991228130000003,,,0.669,0.0,0.859894921,0.337931353
178,179,1,62.74623295,0.0,231.16149900000002,0.00690271,-0.500232992,2.3252329919999997,,,0.6629999999999999,0.0,0.867037533,0.330080731
179,180,1,61.36711224,0.0,227.20642090000004,-0.019365936,-0.522860062,2.347860062,,,0.648,0.0,0.8522028779999999,0.323277385
180,181,1,56.55142282,0.0,224.56970209999997,0.005368774000000001,-0.55708045,2.38208045,,,0.596,0.0,0.8423131070000001,0.31298824399999997
181,182,1,53.66243868,0.0,266.61071780000003,0.001533936,-0.594375811,2.419375811,,,0.5660000000000001,0.0,1.0,0.301774541
182,183,1,53.14525489,0.0,131.2591553,0.017640259,-0.6034834379999999,2.428483438,,,0.56,0.0,0.492325126,0.299036125
183,184,1,52.62153806,0.0,42.92907715,0.001533936,-0.563329437,2.388329437,,,0.5539999999999999,0.0,0.161017822,0.311109343
184,185,1,52.08789265,5.58380127,0.0,0.001533936,-0.510721695,2.335721695,,,0.5489999999999999,0.198670966,0.0,0.326927063
185,186,1,52.87055468,2.197265625,0.0,0.0,-0.461658345,2.286658345,,,0.557,0.078178442,0.0,0.341679081
186,187,1,53.77275826,11.21429443,0.0,0.003067871,-0.40397831100000003,2.228978311,,,0.5670000000000001,0.399003225,0.0,0.35902190100000003
187,188,1,54.65594846,9.104919434,0.0,-0.0017256770000000001,-0.33131585399999997,2.1563158540000003,,,0.5760000000000001,0.32395192,0.0,0.38086953
188,189,1,55.79305752,6.641235352000001,0.0,-0.010929291,-0.26333237600000003,2.088332376,,,0.588,0.236294342,0.0,0.401310317
189,190,1,55.42013505,0.0,40.8782959,-0.017832001,-0.239689295,2.064689295,,,0.584,0.0,0.153325779,0.40841915
190,191,1,54.82348864,0.0,80.7220459,-0.012463226,-0.283100117,2.1081001169999998,,,0.578,0.0,0.302771196,0.39536669399999996
191,192,1,54.28601974,0.0,46.7376709,-0.010162323000000001,-0.37139170299999996,2.196391703,,,0.5720000000000001,0.0,0.17530304600000002,0.36881981
192,193,1,53.70078332,0.0,0.0,0.001533936,-0.49723104100000004,2.3222310409999998,,,0.5660000000000001,0.0,0.0,0.330983337
193,194,1,53.17299882,0.0,5.575561522999999,0.009203613000000001,-0.621392999,2.446392999,,,0.56,0.0,0.020912743,0.293651206
194,195,1,52.59858201,0.0,0.0,0.012271484,-0.7230910759999999,2.548091076,,,0.5539999999999999,0.0,0.0,0.263073354
195,196,1,52.39871184,5.58380127,0.0,0.010737548999999999,-0.771467818,2.5964678180000003,,,0.552,0.198670966,0.0,0.248527781
196,197,1,52.62661458,5.58380127,0.0,0.012271484,-0.771458868,2.596458868,,,0.5539999999999999,0.198670966,0.0,0.248530472
197,198,1,53.20698046,8.618774413999999,0.0,0.0,-0.74792007,2.57292007,,,0.561,0.30665494,0.0,0.255607949
198,199,1,54.16490378,9.895935059,0.0,0.001533936,-0.7168722759999999,2.541872276,,,0.5710000000000001,0.35209615899999996,0.0,0.264943178
199,200,1,55.01197961,7.827758789,0.0,0.018407226999999998,-0.6851044279999999,2.510104428,,,0.58,0.278510701,0.0,0.274494908
200,201,1,55.91763879,11.17034912,0.0,0.003834839,-0.622783317,2.447783317,,,0.59,0.39743965600000003,0.0,0.293233175
201,202,1,56.88061565,9.412536621000001,0.0,0.001533936,-0.554281569,2.379281569,,,0.6,0.334896902,0.0,0.313829791
202,203,1,57.46941593,7.036743164,0.0,0.0,-0.475957416,2.300957416,,,0.606,0.25036646100000004,0.0,0.337379738
203,204,1,57.60510254,0.0,90.24353027,-0.000959,-0.428101128,2.253101128,,,0.608,0.0,0.338484255,0.351768825
204,205,1,56.97207856,0.0,264.55993650000005,-0.017832001,-0.37676363399999996,2.201763634,,,0.601,0.0,0.992307956,0.36720461600000004
205,206,1,56.42930298,0.0,264.55993650000005,-0.004793549,-0.360346823,2.185346823,,,0.595,0.0,0.992307956,0.372140706
206,207,1,55.809328,0.0,264.55993650000005,0.0,-0.36838468399999996,2.193384684,,,0.588,0.0,0.992307956,0.369723939
207,208,1,55.27747911,0.0,264.55993650000005,-0.005560516,-0.381896405,2.206896405,,,0.583,0.0,0.992307956,0.36566133100000003
208,209,1,54.66868962,0.0,263.5345459,0.0,-0.41427708399999996,2.2392770840000003,,,0.5760000000000001,0.0,0.988461935,0.35592534
209,210,1,54.14594285,0.0,259.4329834,-0.0032596129999999997,-0.45189488200000005,2.2768948819999997,,,0.5710000000000001,0.0,0.973077848,0.344614689
210,211,1,53.54818906,0.0,257.9681396,0.00690271,-0.502853276,2.327853276,,,0.564,0.0,0.9675835309999999,0.329292883
211,212,1,53.03464439,0.0,245.80993650000002,0.0,-0.526327251,2.351327251,,,0.5589999999999999,0.0,0.921980701,0.322234896
212,213,1,52.448252100000005,0.0,124.0814209,0.003067871,-0.545554703,2.3705547030000003,,,0.5529999999999999,0.0,0.46540297399999997,0.316453723
213,214,1,51.94426982,0.0,74.71618652,-0.005560516,-0.557063586,2.382063586,,,0.547,0.0,0.280244497,0.31299331399999997
214,215,1,51.36751873,0.0,38.38806152,0.003067871,-0.576250964,2.401250964,,,0.541,0.0,0.14398544,0.30722419
215,216,1,50.87241901,0.0,23.00720215,0.003834839,-0.5886440039999999,2.413644004,,,0.536,0.0,0.086295113,0.30349794
216,217,1,50.30552671,0.0,0.0,0.003834839,-0.588199775,2.413199775,,,0.53,0.0,0.0,0.30363150699999997
217,218,1,49.81973214,0.307617188,0.0,0.001533936,-0.5767137689999999,2.401713769,,,0.524,0.010944981999999999,0.0,0.307085037
218,219,1,50.54071992,8.574829102,0.0,-0.010162323000000001,-0.557783135,2.382783135,,,0.532,0.305091371,0.0,0.312776965
219,220,1,51.00081534,4.045715331999999,0.0,-0.004793549,-0.552332148,2.3773321480000003,,,0.537,0.143946057,0.0,0.314415929
220,221,1,51.23647396,5.806274414,0.0,-0.0017256770000000001,-0.559923371,2.3849233709999997,,,0.54,0.206586534,0.0,0.312133454
221,222,1,51.62874011,4.52911377,0.0,0.0,-0.574364401,2.399364401,,,0.544,0.161145314,0.0,0.307791429
222,223,1,51.55856356,5.58380127,0.0,-0.007094451999999999,-0.602475467,2.427475467,,,0.5429999999999999,0.198670966,0.0,0.299339194
223,224,1,51.78382562,4.485168456999999,0.0,0.0,-0.6433298479999999,2.468329848,,,0.545,0.159581745,0.0,0.28705539
224,225,1,52.04656761,3.12286377,0.0,-0.0017256770000000001,-0.7032557840000001,2.528255784,,,0.5479999999999999,0.111111111,0.0,0.269037288
225,226,1,52.09917687,4.221496581999999,0.0,-0.0017256770000000001,-0.7548021840000001,2.579802184,,,0.5489999999999999,0.150200332,0.0,0.253538685
226,227,1,52.31183545,2.548828125,0.0,-0.008628387,-0.8314072570000001,2.6564072569999997,,,0.551,0.09068699300000001,0.0,0.230505618
227,228,1,51.73602481,0.0,14.36462402,0.016106323,-0.915790109,2.7407901089999998,,,0.545,0.0,0.053878644,0.205133985
228,229,1,51.03369704,0.0,0.0,0.023776001,-0.996670756,2.821670756,,,0.537,0.0,0.0,0.18081536899999998
229,230,1,51.24503957,5.58380127,0.0,-0.000959,-1.0023523559999998,2.8273523560000005,,,0.54,0.198670966,0.0,0.179107066
230,231,0,51.44506031,3.782043457,0.0,0.00690271,-1.001825453,2.826825453,,,0.542,0.134564644,0.0,0.179265492
231,232,0,51.52481627,2.416992188,0.0,0.014572388,-0.9831866990000001,2.8081866989999997,,,0.5429999999999999,0.08599628699999999,0.0,0.184869659
232,233,0,51.68812047,5.58380127,0.0,0.014572388,-0.918934453,2.743934453,,,0.544,0.198670966,0.0,0.20418856600000002
233,234,0,52.04409737,5.58380127,0.0,0.010737548999999999,-0.825349178,2.650349178,,,0.5479999999999999,0.198670966,0.0,0.232327118
234,235,0,52.35283721,3.82598877,0.0,0.009203613000000001,-0.669924497,2.494924497,,,0.552,0.136128213,0.0,0.27905910100000003
235,236,0,51.86698991,0.0,0.0,-0.007094451999999999,-0.525217547,2.3502175469999997,,,0.546,0.0,0.0,0.322568554
236,237,0,52.02697377,5.58380127,0.0,-0.007094451999999999,-0.374152029,2.199152029,,,0.5479999999999999,0.198670966,0.0,0.367989855
237,238,0,52.37475145,5.58380127,0.0,-0.020132904,-0.27473001,2.09973001,,,0.552,0.198670966,0.0,0.39788335799999996
238,239,0,52.79377838,5.58380127,0.0,-0.010162323000000001,-0.214939331,2.039939331,,,0.556,0.198670966,0.0,0.41586079200000003
239,240,0,53.12448743,5.75958252,0.0,-0.000959,-0.19996944600000002,2.024969446,,,0.56,0.20492524199999998,0.0,0.42036183
240,241,0,53.57328036,6.597290039,0.0,-0.010929291,-0.197453975,2.022453975,,,0.565,0.234730773,0.0,0.42111816399999996
241,242,0,53.95605401,5.850219727000001,0.0,-0.010929291,-0.221461541,2.0464615409999998,,,0.569,0.208150103,0.0,0.413899741
242,243,0,54.35407157,5.850219727000001,0.0,-0.0032596129999999997,-0.29491144199999997,2.119911442,,,0.573,0.208150103,0.0,0.391815349
243,244,0,54.11496013,0.0,25.643920899999998,0.00690271,-0.37660079399999996,2.201600794,,,0.57,0.0,0.096184884,0.36725357799999997
244,245,0,53.38250461,0.0,128.7689209,0.0,-0.457868674,2.282868674,,,0.563,0.0,0.48298478799999994,0.342818532
245,246,0,52.73860375,0.0,105.9173584,0.003834839,-0.518536063,2.343536063,,,0.556,0.0,0.397273445,0.324577495
246,247,0,52.03909577,0.0,32.82165527,0.003834839,-0.563551912,2.388551912,,,0.5479999999999999,0.0,0.123107036,0.311042451
247,248,0,51.4097707,0.0,16.2689209,-0.0032596129999999997,-0.59419665,2.41919665,,,0.541,0.0,0.061021255999999996,0.30182841
248,249,0,50.72709802,0.0,2.499389648,0.008436645999999999,-0.6408705610000001,2.465870561,,,0.534,0.0,0.009374678000000001,0.28779483100000003
249,250,0,50.11391576,0.0,0.0,0.014572388,-0.660475861,2.485475861,,,0.528,0.0,0.0,0.28190005
250,251,0,49.83118802,5.627746582,0.0,0.012271484,-0.635480638,2.460480638,,,0.525,0.200234535,0.0,0.289415435
251,252,0,49.88579029,0.0,0.0,0.005368774000000001,-0.575364771,2.400364771,,,0.525,0.0,0.0,0.307490645
252,253,0,50.0591753,3.869934082,0.0,-0.004793549,-0.48595255,2.31095255,,,0.527,0.13769178099999999,0.0,0.334374473
253,254,0,50.03830123,3.606262207,0.0,-0.023200775,-0.42020536399999997,2.2452053640000003,,,0.527,0.128310368,0.0,0.35414286700000003
254,255,0,50.28651282,5.894165039,0.0,-0.078422455,-0.429807021,2.254807021,,,0.529,0.20971367100000002,0.0,0.351255909
255,256,0,50.781503,5.75958252,0.0,-0.085325165,-0.640847343,2.465847343,,,0.535,0.20492524199999998,0.0,0.287801812
256,257,0,51.22446625,5.715637207,0.0,-0.057714325,-1.201439213,3.026439213,,,0.539,0.20336167300000002,0.0,0.11924705199999999
257,258,0,51.63369443,6.421508789,0.0,-0.010162323000000001,1.7226637009999999,3.7523362989999995,,,0.544,0.228476498,0.0,0.9984454359999999
258,259,0,52.1447111,5.627746582,0.0,0.054454712,0.9110948809999999,4.563905119,,,0.5489999999999999,0.200234535,0.0,0.754428718
259,260,0,52.17291757,0.0,16.56188965,0.08896826199999999,0.33773252200000003,5.137267478,,,0.55,0.0,0.06212012,0.582034218
260,261,0,51.47639731,0.0,3.231811523,0.079764648,0.0015162160000000001,5.473483784,,,0.542,0.0,0.012121836,0.48094309999999996
261,262,0,51.25560835,4.88067627,0.0,0.008436645999999999,-0.043554257,5.518554257000001,,,0.54,0.173653865,0.0,0.46739163200000006
262,263,0,50.90645225,1.098632813,0.0,0.003834839,-0.021319038999999998,5.496319038999999,,,0.536,0.039089221,0.0,0.47407715899999997
263,264,0,51.20432926,3.913879395,0.0,-0.010929291,0.016509398,5.458490602,,,0.539,0.13925535,0.0,0.485451143
264,265,0,50.59029752,1.274414063,0.0,-0.004793549,0.041565322,5.433434677999999,,,0.5329999999999999,0.045343497,0.0,0.492984779
265,266,0,50.74029086,5.58380127,0.0,-0.005560516,0.04746163,5.42753837,,,0.534,0.198670966,0.0,0.49475763899999997
266,267,0,51.16689461,5.58380127,0.0,0.003067871,0.037705919,5.437294081,,,0.539,0.198670966,0.0,0.491824362
267,268,0,51.5003347,5.23223877,0.0,0.016106323,0.030077336,5.444922664,,,0.542,0.18616241600000002,0.0,0.489530654
268,269,0,51.65940666,3.82598877,0.0,0.008436645999999999,0.064164368,5.410835632,,,0.544,0.136128213,0.0,0.49977969899999997
269,270,0,51.91300276,3.738098145,0.0,-0.007094451999999999,0.12308846300000001,5.351911536999999,,,0.547,0.133001075,0.0,0.517496575
270,271,0,51.23765058,0.0,0.0,0.001533936,0.18253421600000003,5.292465784,,,0.54,0.0,0.0,0.5353703000000001
271,272,0,50.63350288,0.0,1.9134521480000002,-0.0032596129999999997,0.227619204,5.247380796,,,0.5329999999999999,0.0,0.007176951,0.5489261320000001
272,273,0,50.29320951,5.364074706999999,0.0,0.001533936,0.27783728,5.19716272,,,0.53,0.190853122,0.0,0.564025345
273,274,0,50.61003183,5.23223877,0.0,-0.015531096999999999,0.314737156,5.160262844,,,0.5329999999999999,0.18616241600000002,0.0,0.575120136
274,275,0,50.9606317,5.58380127,0.0,-0.012463226,0.310742692,5.164257308,,,0.537,0.198670966,0.0,0.573919109
275,276,0,51.34161074,5.58380127,0.0,0.003834839,0.26694475300000003,5.208055247,,,0.541,0.198670966,0.0,0.560750257
276,277,0,51.63721521,4.924621581999999,0.0,0.023776001,0.21787059,5.25712941,,,0.544,0.17521743399999998,0.0,0.545994988
277,278,0,51.93474129999999,5.23223877,0.0,0.012271484,0.21907723399999998,5.255922766,,,0.547,0.18616241600000002,0.0,0.546357794
278,279,0,52.29172302,5.58380127,0.0,-0.004793549,0.25311576199999997,5.221884238,,,0.551,0.198670966,0.0,0.556592255
279,280,1,52.26193235,0.0,0.0,0.018407226999999998,0.29509456100000003,5.179905439,,,0.551,0.0,0.0,0.569214141
280,281,1,52.44466475,5.627746582,0.0,0.005368774000000001,0.36425664399999996,5.110743356,,,0.5529999999999999,0.200234535,0.0,0.590009302
281,282,1,52.79494131,5.495910645,0.0,-0.024734711,0.465097673,5.009902327,,,0.556,0.19554382899999997,0.0,0.620329462
282,283,1,52.97414125,6.069946289,0.0,0.003067871,0.517516936,4.957483064,,,0.5579999999999999,0.215967947,0.0,0.636090512
283,284,1,53.38242477,5.982055664,0.0,0.005368774000000001,0.537651431,4.937348569,,,0.563,0.212840809,0.0,0.6421444079999999
284,285,1,53.89166404,7.651977539,0.0,-0.008628387,0.532091667,4.942908333,,,0.568,0.272256425,0.0,0.6404727379999999
285,286,1,54.59747289999999,7.739868164,0.0,-0.030103485,0.490652115,4.984347885,,,0.5760000000000001,0.275383563,0.0,0.62801299
286,287,1,55.23880854,7.344360352000001,0.0,-0.008628387,0.370911981,5.104088019,,,0.5820000000000001,0.26131144300000003,0.0,0.592010381
287,288,1,55.67613062,0.0,26.52282715,0.021475097999999998,0.180306341,5.294693659,,,0.5870000000000001,0.0,0.099481474,0.534700438
288,289,1,55.00393415,0.0,179.0130615,0.016106323,0.030827316,5.444172684,,,0.58,0.0,0.6714398540000001,0.48975615299999997
289,290,1,54.27606388,0.0,37.50915527,0.018407226999999998,-0.07753428,5.55253428,,,0.5720000000000001,0.0,0.14068885,0.457174762
290,291,1,53.62151668,0.0,7.919311522999999,-0.0017256770000000001,-0.12135691800000001,5.596356918,,,0.565,0.0,0.02970365,0.44399848399999997
291,292,1,53.18814155,6.729125977000001,0.0,0.001533936,-0.164419164,5.6394191639999995,,,0.56,0.23942148,0.0,0.431050835
292,293,1,53.84356987,8.442993163999999,0.0,0.010737548999999999,-0.204930063,5.679930063,,,0.5670000000000001,0.300400664,0.0,0.41887030700000005
293,294,1,54.87288951,7.739868164,0.0,-0.004793549,-0.23246414899999998,5.707464149,,,0.578,0.275383563,0.0,0.410591555
294,295,1,54.64857883,0.0,169.6380615,-0.004793549,-0.26787881199999997,5.742878812000001,,,0.5760000000000001,0.0,0.6362762270000001,0.399943327
295,296,1,53.90950702,0.0,264.26696780000003,0.0,-0.323902399,5.798902399,,,0.568,0.0,0.9912090929999999,0.383098555
296,297,1,53.27628194,0.0,264.4134521,0.0,-0.374412585,5.849412585,,,0.561,0.0,0.9917585240000001,0.36791151299999997
297,298,1,52.55366899,0.0,167.2943115,0.019941162,-0.430433875,5.905433875,,,0.5539999999999999,0.0,0.62748532,0.35106743100000004
298,299,1,51.93464749,0.0,76.0345459,0.013038451999999999,-0.44658685200000003,5.921586852000001,,,0.547,0.0,0.285189382,0.34621067
299,300,1,51.22879628,0.0,14.80407715,0.00690271,-0.415354005,5.890354005,,,0.54,0.0,0.055526939000000004,0.35560153899999997
300,301,1,50.76024764,5.671691895,0.0,-0.000959,-0.36283433600000004,5.837834336,,,0.535,0.20179810399999998,0.0,0.371392778
301,302,1,50.40411374,0.0,0.0,0.00690271,-0.287570623,5.762570622999999,,,0.531,0.0,0.0,0.394022534
302,303,1,50.1829966,5.100402831999999,0.0,0.00690271,-0.19597877600000002,5.670978776,,,0.528,0.18147170899999998,0.0,0.42156171600000003
303,304,1,50.56766037,4.573059081999999,0.0,0.021475097999999998,-0.065128323,5.540128322999999,,,0.532,0.162708883,0.0,0.460904896
304,305,1,50.90540742,5.58380127,0.0,-0.012463226,0.091300257,5.383699742999999,,,0.536,0.198670966,0.0,0.507938725
305,306,1,51.3179135,5.58380127,0.0,-0.033938324,0.257007076,5.217992924,,,0.54,0.198670966,0.0,0.557762268
306,307,1,51.67421812,5.58380127,0.0,-0.040074066,0.313329942,5.161670058,,,0.544,0.198670966,0.0,0.574697025
307,308,1,52.08681677,5.58380127,0.0,-0.015531096999999999,0.247514388,5.227485612,,,0.5489999999999999,0.198670966,0.0,0.554908074
308,309,1,52.44144404,5.715637207,0.0,-0.0032596129999999997,0.13452518800000002,5.340474812,,,0.552,0.20336167300000002,0.0,0.520935288
309,310,1,52.83663367,5.58380127,0.0,0.009203613000000001,-0.001921102,5.476921102,,,0.557,0.198670966,0.0,0.47990959200000005
310,311,1,53.17436302,5.627746582,0.0,0.0,-0.098510518,5.573510517999999,,,0.56,0.200234535,0.0,0.450867776
311,312,1,53.46620795,2.903137207,0.0,0.009203613000000001,-0.18867024699999999,5.663670247000001,,,0.563,0.103293267,0.0,0.423759193
312,313,1,53.22713264,2.768554688,0.0,0.029144775,-0.226077346,5.701077346,,,0.561,0.098504837,0.0,0.41251189299999996
313,314,1,53.17343302,3.913879395,0.0,0.019941162,-0.170241468,5.645241467999999,,,0.56,0.13925535,0.0,0.429300226
314,315,1,52.71338742,0.0,4.403686523,-0.005560516,-0.065357014,5.540357014,,,0.555,0.0,0.01651729,0.460836135
315,316,1,52.37600099,0.0,0.0,-0.019365936,0.028325307,5.446674692999999,,,0.552,0.0,0.0,0.489003866
316,317,1,51.75727286,0.0,4.843139648,-0.005560516,0.050356702999999996,5.424643297,,,0.545,0.0,0.018165585,0.495628109
317,318,1,51.08380463,0.0,0.0,0.003067871,0.050288318,5.424711682000001,,,0.5379999999999999,0.0,0.0,0.49560754799999995
318,319,1,50.94374023,5.58380127,0.0,0.012271484,0.056529802000000004,5.418470198,,,0.536,0.198670966,0.0,0.49748419200000005
319,320,1,51.34059547,5.40802002,0.0,0.04141626,0.119801636,5.355198364,,,0.541,0.19241669100000003,0.0,0.516508316
320,321,1,51.69814309,5.58380127,0.0,0.056755615,0.288947874,5.186052126,,,0.545,0.198670966,0.0,0.567365999
321,322,1,52.10672213,5.715637207,0.0,0.079764648,0.710060015,4.764939985,,,0.5489999999999999,0.20336167300000002,0.0,0.69398299
322,323,1,52.47107901,4.836730956999999,0.0,0.032212646,1.2844087309999999,4.190591269,,,0.5529999999999999,0.172090296,0.0,0.866674061
323,324,1,52.89029649,5.715637207,0.0,-0.037773163,-1.4517604480000001,3.276760448,,,0.557,0.20336167300000002,0.0,0.04398225099999999
324,325,1,52.97192693,3.782043457,0.0,-0.043141937000000005,-0.8172363779999999,2.642236378,,,0.5579999999999999,0.134564644,0.0,0.234766417
325,326,1,53.19166991,5.539855957,0.0,-0.083024261,-0.300927761,2.125927761,,,0.56,0.19710739800000002,0.0,0.390006405
326,327,1,53.50809376,5.58380127,0.0,-0.061549164,-0.132429918,1.957429918,,,0.564,0.198670966,0.0,0.440669133
327,328,1,53.37375498,5.188293456999999,0.0,-0.005560516,-0.170620909,1.995620909,,,0.562,0.18459884699999998,0.0,0.42918613899999997
328,329,1,53.71503238,5.715637207,0.0,-0.000959,-0.23945424399999998,2.064454244,,,0.5660000000000001,0.20336167300000002,0.0,0.408489823
329,330,1,54.08108521,5.495910645,0.0,0.013038451999999999,-0.28427439,2.10927439,,,0.57,0.19554382899999997,0.0,0.395013622
330,331,1,53.66918542,0.0,0.0,0.017640259,-0.269857326,2.094857326,,,0.5660000000000001,0.0,0.0,0.399348441
331,332,1,53.37375373,5.58380127,0.0,0.009203613000000001,-0.20815913800000002,2.0331591380000003,,,0.562,0.198670966,0.0,0.417899412
332,333,1,52.98063939,0.0,0.0,0.003834839,-0.127457745,1.952457745,,,0.5579999999999999,0.0,0.0,0.442164131
333,334,1,52.53655995,5.276184081999999,0.0,-0.02856955,-0.009655172,1.834655172,,,0.5529999999999999,0.187725985,0.0,0.477584167
334,335,1,52.70706222,5.58380127,0.0,-0.004793549,0.054728359000000004,1.770271641,,,0.555,0.198670966,0.0,0.496942547
335,336,1,53.11208465,5.671691895,0.0,-0.020132904,0.07577135,1.74922865,,,0.56,0.20179810399999998,0.0,0.503269604
336,337,1,53.44804601,5.627746582,0.0,-0.017832001,0.051828232,1.773171768,,,0.563,0.200234535,0.0,0.496070558
337,338,1,53.82535937,5.58380127,0.0,-0.017832001,-0.036694191,1.861694191,,,0.5670000000000001,0.198670966,0.0,0.46945426799999995
338,339,1,54.13374779,5.627746582,0.0,-0.005560516,-0.153141634,1.978141634,,,0.5710000000000001,0.200234535,0.0,0.43444168200000005
339,340,1,53.72597617,0.0,6.161499022999999,0.009203613000000001,-0.33250670600000004,2.157506706,,,0.5660000000000001,0.0,0.02311047,0.380511473
340,341,1,53.09460215,0.0,5.429077147999999,0.012271484,-0.460420302,2.285420302,,,0.5589999999999999,0.0,0.020363311999999998,0.342051327
341,342,1,52.37302255,0.0,2.059936523,0.02761084,-0.5649432,2.3899432000000003,,,0.552,0.0,0.007726383000000001,0.310624128
342,343,1,51.75701661,0.0,0.0,0.025309937,-0.583061611,2.408061611,,,0.545,0.0,0.0,0.305176414
343,344,1,51.54556378,6.069946289,0.0,0.029144775,-0.50469451,2.32969451,,,0.5429999999999999,0.215967947,0.0,0.32873927399999997
344,345,1,51.9840237,5.938110352000001,0.0,0.0,-0.355717245,2.180717245,,,0.5479999999999999,0.21127724,0.0,0.373532694
345,346,1,52.41898651,3.65020752,0.0,-0.02166684,-0.173997385,1.998997385,,,0.552,0.129873937,0.0,0.428170924
346,347,1,52.44824074,3.562316895,0.0,-0.010162323000000001,-0.06900197200000001,1.8940019719999999,,,0.5529999999999999,0.12674680000000002,0.0,0.459740195
347,348,1,52.02545116,0.0,0.0,-0.004793549,-0.001102371,1.826102371,,,0.5479999999999999,0.0,0.0,0.48015576200000004
348,349,1,52.16043057,5.938110352000001,0.0,-0.013997161999999999,0.043040662,1.781959338,,,0.5489999999999999,0.21127724,0.0,0.493428374
349,350,1,52.59677567,5.671691895,0.0,-0.030103485,0.061654376,1.763345624,,,0.5539999999999999,0.20179810399999998,0.0,0.49902501299999996
350,351,1,52.94649866,5.58380127,0.0,-0.012463226,0.019074464,1.805925536,,,0.5579999999999999,0.198670966,0.0,0.486222389
351,352,1,53.400663699999996,6.333618164,0.0,-0.010162323000000001,-0.07207001099999999,1.8970700109999998,,,0.563,0.22534936,0.0,0.458817719
352,353,1,53.77796063,5.894165039,0.0,-0.0017256770000000001,-0.173216187,1.998216187,,,0.5670000000000001,0.20971367100000002,0.0,0.42840580899999997
353,354,1,54.17658124,5.894165039,0.0,0.019941162,-0.292450262,2.1174502619999997,,,0.5710000000000001,0.20971367100000002,0.0,0.392555359
354,355,1,54.58967034,6.553344727000001,0.0,0.019941162,-0.356492649,2.181492649,,,0.575,0.233167204,0.0,0.373299551
355,356,1,54.02335048,0.0,19.198608399999998,0.001533936,-0.360427354,2.185427354,,,0.569,0.0,0.07200989,0.372116492
356,357,1,53.37185036,0.0,52.0111084,0.001533936,-0.34440423700000006,2.1694042369999997,,,0.562,0.0,0.195082586,0.37693420899999996
357,358,1,52.66428181,0.0,51.4251709,0.001533936,-0.319869716,2.144869716,,,0.555,0.0,0.19288486,0.38431107299999995
358,359,1,52.02875227,0.0,13.77868652,-0.012463226,-0.29725505,2.12225505,,,0.5479999999999999,0.0,0.051680918,0.391110689
359,360,1,51.33858356,0.0,0.0,-0.012463226,-0.309269432,2.134269432,,,0.541,0.0,0.0,0.387498291
360,361,1,51.17940052,5.58380127,0.0,-0.0032596129999999997,-0.35931660600000004,2.184316606,,,0.539,0.198670966,0.0,0.372450464
361,362,1,51.40207125,3.869934082,0.0,-0.0032596129999999997,-0.437049377,2.262049377,,,0.541,0.13769178099999999,0.0,0.34907832899999997
362,363,1,51.49422046,3.913879395,0.0,0.003834839,-0.5094610629999999,2.334461063,,,0.542,0.13925535,0.0,0.327306101
363,364,1,51.76767229,5.144348145,0.0,0.010737548999999999,-0.57385581,2.39885581,,,0.545,0.183035278,0.0,0.30794434800000003
364,365,1,52.01780208,4.52911377,0.0,0.019941162,-0.594820635,2.419820635,,,0.5479999999999999,0.161145314,0.0,0.301640794
365,366,1,52.16137975,4.089660645,0.0,0.012271484,-0.567659622,2.392659622,,,0.5489999999999999,0.145509626,0.0,0.30980737399999997
366,367,1,52.2678696,4.17755127,0.0,0.0,-0.49584615600000004,2.320846156,,,0.551,0.148636763,0.0,0.331399734
367,368,1,52.53083619,5.58380127,0.0,0.003834839,-0.415774706,2.240774706,,,0.5529999999999999,0.198670966,0.0,0.355475046
368,369,1,52.86664999,4.968566895,0.0,-0.004793549,-0.321830622,2.146830622,,,0.557,0.17678100300000002,0.0,0.383721482
369,370,1,52.98016725,4.17755127,0.0,-0.0017256770000000001,-0.256854734,2.081854734,,,0.5579999999999999,0.148636763,0.0,0.40325796799999997
370,371,0,53.22811185,5.144348145,0.0,-0.004793549,-0.181135568,2.006135568,,,0.561,0.183035278,0.0,0.426024666
371,372,0,53.45567351,3.47442627,0.0,-0.0032596129999999997,-0.10537566300000001,1.9303756630000002,,,0.563,0.12361966199999999,0.0,0.448803613
372,373,0,52.98879201,0.0,0.0,-0.007094451999999999,-0.041340554,1.866340554,,,0.5579999999999999,0.0,0.0,0.46805723299999996
373,374,0,52.70031919,3.342590332,0.0,-0.008628387,0.000938,1.8240615119999999,,,0.555,0.118928955,0.0,0.48076924600000004
374,375,0,52.15732591,0.0,0.0,-0.015531096999999999,0.023952012,1.801047988,,,0.5489999999999999,0.0,0.0,0.487688935
375,376,0,51.52645794,0.0,0.0,-0.013997161999999999,-0.0027575140000000004,1.827757514,,,0.5429999999999999,0.0,0.0,0.47965810600000003
376,377,0,50.84173232,0.0,0.0,-0.016298065,-0.08271464099999999,1.9077146409999999,,,0.535,0.0,0.0,0.45561716799999996
377,378,0,50.52970568,4.221496581999999,0.0,-0.017832001,-0.21035710100000002,2.035357101,,,0.532,0.150200332,0.0,0.417238544
378,379,0,50.66342886,3.869934082,0.0,-0.013997161999999999,-0.408011844,2.233011844,,,0.5329999999999999,0.13769178099999999,0.0,0.357809128
379,380,0,50.94190793,6.509399414,0.0,0.008436645999999999,-0.628120471,2.453120471,,,0.536,0.231603635,0.0,0.291628437
380,381,0,51.716225200000004,7.915649414,0.0,0.054454712,-0.8426719309999999,2.667671931,,,0.545,0.28163783800000003,0.0,0.227118636
381,382,0,52.72408412,12.35961914,0.0,0.019941162,-0.938401954,2.763401954,,,0.556,0.43975373799999995,0.0,0.19833521699999998
382,383,0,54.48952001,16.05377197,0.0,0.018407226999999998,-0.944800712,2.769800712,,,0.574,0.571191244,0.0,0.196411284
383,384,0,56.63898324,22.47528076,0.0,-0.004793549,-0.884906388,2.7099063880000003,,,0.597,0.7996677409999999,0.0,0.214419881
384,385,0,59.54474874,22.47528076,0.0,-0.005560516,-0.7966253759999999,2.621625376,,,0.628,0.7996677409999999,0.0,0.240963586
385,386,0,62.06427623,22.47528076,0.0,-0.004793549,-0.730198145,2.555198145,,,0.655,0.7996677409999999,0.0,0.260936451
386,387,0,64.71159553,22.6071167,0.0,0.00690271,-0.679767847,2.504767847,,,0.684,0.804358448,0.0,0.276099473
387,388,0,67.07111251,23.04656982,0.0,0.003067871,-0.632097483,2.457097483,,,0.7090000000000001,0.8199941359999999,0.0,0.290432658
388,389,0,69.56196206,22.56317139,0.0,0.003834839,-0.564007044,2.389007044,,,0.735,0.802794879,0.0,0.310905605
389,390,0,71.75327123,22.91473389,0.0,-0.0017256770000000001,-0.491436243,2.316436243,,,0.759,0.81530343,0.0,0.332725675
390,391,0,74.14687635,23.13446045,0.0,-0.010929291,-0.41853356399999997,2.2435335640000003,,,0.784,0.823121274,0.0,0.35464553200000004
391,392,0,76.29603477,24.49951172,0.0,-0.020132904,-0.400093317,2.225093317,,,0.807,0.871689631,0.0,0.360190014
392,393,0,78.70365432,25.29052734,0.0,0.003834839,-0.47436928700000003,2.2993692869999998,,,0.833,0.8998338709999999,0.0,0.337857245
393,394,0,80.91947883,25.24658203,0.0,-0.007094451999999999,-0.553955317,2.378955317,,,0.857,0.898270302,0.0,0.313927886
394,395,0,83.30253345,24.89501953,0.0,0.014572388,-0.639965296,2.464965296,,,0.882,0.885761751,0.0,0.28806702
395,396,0,85.41718048,24.98291016,0.0,-0.02856955,-0.715313196,2.540313196,,,0.905,0.8888888890000001,0.0,0.26541195100000003
396,397,0,87.68568482,25.20263672,0.0,-0.023200775,-0.8984682559999999,2.7234682560000003,,,0.929,0.8967067329999999,0.0,0.210342196
397,398,0,89.63262315,25.11474609,0.0,-0.032404388,-1.218555689,3.0435556889999997,,,0.95,0.893579595,0.0,0.11410059199999999
398,399,0,91.87236747,16.00982666,0.0,-0.017832001,1.7992508409999999,3.6757491589999995,,,0.9740000000000001,0.569627675,0.0,1.02147311
399,400,1,92.94589824,23.92822266,0.0,0.003834839,1.149501085,4.325498915,,,0.985,0.851363237,0.0,0.826110993
400,401,1,94.29712904,19.96765137,0.0,0.055988647,0.427607775,5.047392225,,,1.0,0.7104465940000001,0.0,0.6090572679999999
401,402,1,94.32058852,0.0,16.12243652,0.045251099,0.079200029,5.395799971000001,,,1.0,0.0,0.060471824,0.504300514
402,403,1,93.85905728,11.47796631,0.0,0.012271484,0.092259645,5.382740355,,,0.995,0.40838463799999997,0.0,0.508227187
403,404,1,94.03632994,11.25823975,0.0,-0.040074066,0.211188555,5.263811445,,,0.997,0.400566794,0.0,0.543985882
404,405,1,94.26604308,11.17034912,0.0,-0.019365936,0.134656191,5.340343809,,,0.9990000000000001,0.39743965600000003,0.0,0.520974677
405,406,1,94.24589239,7.388305664,0.0,0.00690271,-0.08666873,5.56166873,,,0.9990000000000001,0.262875012,0.0,0.45442828
406,407,1,94.04876344,6.817016602000001,0.0,0.005368774000000001,-0.370453596,5.8454535960000005,,,0.997,0.242548617,0.0,0.36910187299999997
407,408,1,93.82726694,6.860961914,0.0,0.018407226999999998,-0.582390547,6.057390547000001,,,0.995,0.244112186,0.0,0.305378184
408,409,1,92.93639357,0.0,14.21813965,0.026843872,-0.694300413,6.169300412999999,,,0.985,0.0,0.053329213,0.271729925
409,410,1,92.01066556,0.0,157.7728271,0.021475097999999998,-0.598644972,6.073644972,,,0.975,0.0,0.59177226,0.30049092
410,411,1,90.96060064,0.0,263.68103030000003,-0.000959,-0.323210478,5.798210478,,,0.9640000000000001,0.0,0.989011366,0.383306597
411,412,1,90.06131954,0.0,150.4486084,-0.036239227,-0.0568645,5.531864499999999,,,0.9540000000000001,0.0,0.564300676,0.463389603
412,413,1,89.03588921,0.0,263.97399900000005,-0.010929291,0.074643373,5.400356627000001,,,0.9440000000000001,0.0,0.99011023,0.5029304520000001
413,414,1,88.15956914,0.0,263.68103030000003,-0.036239227,0.040509462,5.4344905379999995,,,0.934,0.0,0.989011366,0.492667311
414,415,1,87.16199781,0.0,263.5345459,-0.0032596129999999997,-0.170477629,5.645477629,,,0.924,0.0,0.988461935,0.429229219
415,416,1,86.30834022,0.0,263.2415771,0.016106323,-0.41235995299999995,5.887359953,,,0.914,0.0,0.987363071,0.35650176899999997
416,417,1,85.33517138,0.0,263.2415771,0.02761084,-0.5908896920000001,6.065889692000001,,,0.904,0.0,0.987363071,0.302822722
417,418,1,84.50177379,0.0,263.09509280000003,0.00690271,-0.554199934,6.029199934,,,0.895,0.0,0.98681364,0.313854337
418,419,1,83.55483153,0.0,263.09509280000003,-0.010929291,-0.42641711200000004,5.901417112000001,,,0.885,0.0,0.98681364,0.35227516299999995
419,420,1,82.74354090000001,0.0,263.2415771,-0.012463226,-0.356405973,5.831405973,,,0.8759999999999999,0.0,0.987363071,0.37332561200000003
420,421,1,81.81921293,0.0,263.2415771,0.005368774000000001,-0.36781764,5.84281764,,,0.866,0.0,0.987363071,0.369894434
421,422,1,80.26145659,0.0,262.9486084,0.0,-0.398848295,5.873848295,,,0.85,0.0,0.9862642079999999,0.360564358
422,423,1,72.14920426,0.0,263.09509280000003,-0.000959,-0.399464369,5.874464369,,,0.763,0.0,0.98681364,0.360379121
423,424,1,66.65844559,0.0,263.38806150000005,-0.000959,-0.40199351299999997,5.8769935129999995,,,0.7040000000000001,0.0,0.987912503,0.359618676
424,425,1,65.93527613,0.0,263.68103030000003,0.0,-0.41104960399999996,5.886049604,,,0.6970000000000001,0.0,0.989011366,0.356895756
425,426,1,65.31124043,0.0,264.1204834,-0.005560516,-0.40658259399999996,5.881582594,,,0.69,0.0,0.9906596609999999,0.358238864
426,427,1,64.59711893,0.0,97.27478027,0.008436645999999999,-0.37854266200000003,5.853542662000001,,,0.682,0.0,0.364856976,0.366669711
427,428,1,63.985480200000005,0.0,56.25915527,-0.007094451999999999,-0.33753466600000004,5.812534666,,,0.6759999999999999,0.0,0.211016105,0.37899970200000005
428,429,1,63.28659087,0.0,39.41345215,-0.005560516,-0.286064863,5.761064863,,,0.6679999999999999,0.0,0.147831462,0.394475275
429,430,1,62.68699518,0.0,36.04431152,-0.0017256770000000001,-0.26227450399999996,5.737274504,,,0.662,0.0,0.135194533,0.40162839
430,431,1,62.00244962,0.0,0.0,-0.0017256770000000001,-0.25364375100000003,5.728643751,,,0.655,0.0,0.0,0.40422342299999997
431,432,1,62.16806241,9.412536621000001,0.0,0.0,-0.252056837,5.727056837,,,0.6559999999999999,0.334896902,0.0,0.404700565
432,433,1,62.88345565,9.148864746000001,0.0,0.005368774000000001,-0.250511885,5.725511885,,,0.664,0.325515489,0.0,0.40516509100000003
433,434,1,63.48385961,9.280700684,0.0,-0.0032596129999999997,-0.24237704300000001,5.717377043,,,0.67,0.330206196,0.0,0.407611017
434,435,1,64.14134073,8.753356934,0.0,-0.0032596129999999997,-0.236780882,5.711780882,,,0.6779999999999999,0.31144336899999997,0.0,0.40929363
435,436,1,64.9161235,12.13989258,0.0,-0.0032596129999999997,-0.24560618399999998,5.720606184,,,0.6859999999999999,0.431935894,0.0,0.406640102
436,437,1,65.52275174,8.618774413999999,0.0,0.001533936,-0.273360014,5.748360014,,,0.6920000000000001,0.30665494,0.0,0.398295278
437,438,1,66.2389026,11.34613037,0.0,-0.0017256770000000001,-0.303387403,5.778387402999999,,,0.7,0.403693931,0.0,0.389266857
438,439,1,65.86076325,0.0,264.26696780000003,-0.0032596129999999997,-0.349520445,5.824520445,,,0.696,0.0,0.9912090929999999,0.375395904
439,440,1,65.23705509999999,0.0,263.38806150000005,0.009203613000000001,-0.40097308200000004,5.875973082000001,,,0.6890000000000001,0.0,0.987912503,0.359925492
440,441,1,65.23705509999999,0.0,263.38806150000005,0.009203613000000001,-0.40097308200000004,5.875973082000001,,,0.6890000000000001,0.0,0.987912503,0.359925492
441,442,1,65.23705509999999,0.0,263.38806150000005,0.009203613000000001,-0.40097308200000004,5.875973082000001,,,0.6890000000000001,0.0,0.987912503,0.359925492
,date,close,Unnamed: 2,Time,close1
0,1-May-12,58.13,,0.0,58.13
1,30-Apr-12,53.98,,0.1193221,53.98
2,27-Apr-12,67.0,,0.2542475,67.0
3,26-Apr-12,89.7,,0.39199609999999996,89.7
4,25-Apr-12,99.0,,0.5230096,99.0
5,24-Apr-12,130.28,,0.6543648,130.28
6,23-Apr-12,166.7,,0.7927378,166.7
7,20-Apr-12,234.98,,0.9308974,234.98
8,19-Apr-12,345.44,,1.0552350000000001,345.44
9,18-Apr-12,443.34,,1.0552350000000001,443.34
10,17-Apr-12,543.7,,1.192606,543.7
11,16-Apr-12,580.13,,1.3204639999999999,580.13
12,13-Apr-12,605.23,,1.455943,605.23
13,12-Apr-12,622.77,,1.597326,622.77
14,11-Apr-12,626.2,,1.7285720000000002,626.2
15,10-Apr-12,628.44,,1.857609,628.44
16,9-Apr-12,636.23,,1.99197,636.23
17,5-Apr-12,633.68,,2.12834,633.68
18,4-Apr-12,624.31,,2.256296,624.31
19,3-Apr-12,629.32,,2.39668,629.32
20,2-Apr-12,618.63,,2.529979,618.63
21,30-Mar-12,599.55,,2.6600759999999997,599.55
22,29-Mar-12,609.86,,2.791593,609.86
23,28-Mar-12,617.62,,2.93047,617.62
24,27-Mar-12,614.48,,3.056322,614.48
25,26-Mar-12,606.98,,3.193447,606.98
