Time,LeftClick,RightClick,LeftSide,RightSide
6,4,2,3,1
7,27,18,6,7
8,4,12,1,1
9,18,20,2,6
10,0,0,0,3
11,35,2,5,7
12,78,18,30,53
13,8,8,6,48
14,128,11,32,59
15,0,0,4,11
16,32,0,79,46
17,120,0,233,67
18,3,0,4,4
19,0,0,1,0
20,0,0,1,0
21,0,0,0,0
22,0,0,0,0
23,0,0,0,0
24,0,0,0,0
25,0,0,0,0
26,0,0,0,0
27,0,0,0,0
28,0,0,0,0
29,0,0,0,0
30,0,0,0,0
31,0,0,0,0
32,0,0,0,0
33,0,0,0,0
34,0,0,0,0
35,0,0,0,0
36,0,0,0,0
37,0,0,0,0
38,0,0,0,0
39,0,0,0,0
40,0,0,0,0
41,0,0,0,0
42,0,0,0,0
43,0,0,0,0
44,0,0,0,0
45,0,0,0,0
46,0,0,0,0
47,0,0,0,0
48,0,0,0,0
49,0,0,0,0
50,0,0,0,0
51,0,0,0,0
52,0,0,0,0
53,0,0,0,0
54,0,0,0,0
55,0,0,0,0
56,0,0,1,0
57,0,0,1,0
58,0,0,1,0
59,0,0,1,0
60,0,0,1,0
61,0,0,1,0
62,0,0,1,0
63,0,0,0,0
64,0,0,1,0
65,0,0,1,0
66,0,0,1,0
67,0,0,1,0
68,0,0,1,0
69,0,0,1,0
70,0,0,1,0
71,0,0,1,0
72,0,0,1,0
73,0,0,1,0
74,0,0,1,0
75,0,0,1,0
76,0,0,1,0
77,0,0,0,0
78,0,0,0,0
79,0,0,0,0
80,0,0,0,0
81,0,0,0,0
82,0,0,0,0
83,0,0,0,0
84,0,0,0,0
85,0,0,0,0
86,0,0,0,0
87,0,0,0,0
88,0,0,0,0
89,0,0,0,0
90,0,0,0,0
91,0,0,0,0
92,0,0,0,0
93,0,0,0,0
94,0,0,0,0
95,0,0,0,0
96,0,0,0,0
97,0,0,0,0
98,0,0,0,0
99,0,0,0,0
100,0,0,0,0
101,0,0,0,0
102,0,0,0,0
103,0,0,0,0
104,0,0,0,0
105,0,0,0,0
106,0,0,0,0
107,0,0,0,0
108,0,0,0,0
109,0,0,0,0
110,0,0,0,0
111,0,0,0,0
112,0,0,0,0
113,0,0,0,0
114,0,0,0,0
115,0,0,0,0
116,0,0,0,0
117,0,0,0,0
118,0,0,0,0
119,0,0,0,0
120,0,0,0,0
121,0,0,0,0
122,0,0,0,0
123,0,0,0,0
124,0,0,0,0
125,0,0,0,0
126,0,0,0,0
127,0,0,0,0
128,0,0,0,0
129,0,0,0,0
130,0,0,0,0
131,0,0,0,0
132,0,0,0,0
133,0,0,0,0
134,0,0,0,0
135,0,0,0,0
136,0,0,0,0
137,0,0,0,0
138,0,0,0,0
139,0,0,0,0
140,0,0,0,0
141,0,0,0,0
142,0,0,0,0
143,0,0,0,0
144,0,0,0,0
145,0,0,0,0
146,0,0,0,0
147,0,0,0,0
148,0,0,0,0
149,0,0,0,0
150,0,0,0,0
151,0,0,0,0
152,0,0,0,0
153,0,0,0,0
154,0,0,0,0
155,0,0,0,0
156,0,0,0,0
157,0,0,0,0
158,0,0,0,0
159,0,0,0,0
160,0,0,0,0
161,0,0,0,0
162,0,0,0,0
163,0,0,0,0
164,0,0,0,0
165,0,0,0,0
166,0,0,0,0
167,0,0,0,0
168,0,0,0,0
169,0,0,0,0
170,0,0,0,0
171,0,0,0,0
172,0,0,0,0
173,0,0,0,0
174,0,0,0,0
175,0,0,0,0
176,0,0,0,0
177,0,0,0,0
178,0,0,0,0
179,0,0,0,0
180,0,0,0,0
181,0,0,0,0
182,0,0,0,0
183,0,0,0,0
184,0,0,0,0
185,0,0,0,0
186,0,0,0,0
187,0,0,0,0
188,0,0,0,0
189,0,0,0,0
190,0,0,0,0
191,0,0,0,0
192,0,0,0,0
193,0,0,0,0
194,0,0,0,0
195,0,0,0,0
196,0,0,0,0
197,0,0,0,0
198,0,0,0,0
199,0,0,0,0
200,0,0,0,0
201,0,0,0,0
202,0,0,0,0
203,0,0,0,0
204,0,0,0,0
205,0,0,0,0
206,0,0,0,0
207,0,0,0,0
208,0,0,0,0
209,0,0,0,0
210,0,0,0,0
211,0,0,0,0
212,0,0,0,0
213,0,0,0,0
214,0,0,0,0
215,0,0,0,0
216,0,0,0,0
217,0,0,0,0
218,0,0,0,0
219,0,0,0,0
220,0,0,0,0
221,0,0,0,0
222,0,0,0,0
223,0,0,0,0
224,0,0,0,0
225,0,0,0,0
226,0,0,0,0
227,0,0,0,0
228,0,0,0,0
229,0,0,0,0
230,0,0,0,0
231,0,0,0,0
232,0,0,0,0
233,0,0,0,0
234,0,0,0,0
235,0,0,0,0
236,0,0,0,0
237,0,0,0,0
238,0,0,0,0
239,0,0,0,0
240,0,0,0,0
241,0,0,0,0
242,0,0,0,0
243,0,0,0,0
244,0,0,0,0
245,0,0,0,0
246,0,0,0,0
247,0,0,0,0
248,0,0,0,0
249,0,0,0,0
250,0,0,0,0
251,0,0,0,0
252,0,0,0,0
253,0,0,0,0
254,0,0,0,0
255,0,0,0,0
256,0,0,0,0
257,0,0,0,0
258,0,0,0,0
259,0,0,0,0
260,0,0,0,0
261,0,0,0,0
262,0,0,0,0
263,0,0,0,0
264,0,0,0,0
265,0,0,0,0
266,0,0,0,0
267,0,0,0,0
268,0,0,0,0
269,0,0,0,0
270,0,0,0,0
271,0,0,0,0
272,0,0,0,0
273,0,0,0,0
274,0,0,0,0
275,0,0,0,0
276,0,0,0,0
277,0,0,0,0
278,0,0,0,0
279,0,0,0,0
280,0,0,0,0
281,0,0,0,0
282,0,0,0,0
283,0,0,0,0
284,0,0,0,0
285,0,0,0,0
286,0,0,0,0
287,0,0,0,0
288,0,0,0,0
289,0,0,0,0
290,0,0,0,0
291,0,0,0,0
292,0,0,0,0
293,0,0,0,0
294,0,0,0,0
295,0,0,0,0
296,0,0,0,0
297,0,0,0,0
298,0,0,0,0
299,0,0,0,0
300,0,0,0,0
301,0,0,0,0
302,0,0,0,0
303,0,0,0,0
304,0,0,0,0
305,0,0,0,0
306,0,0,0,0
307,0,0,0,0
308,0,0,0,0
309,0,0,0,0
310,0,0,0,0
311,0,0,0,0
312,0,0,0,0
313,0,0,0,0
314,0,0,0,0
315,0,0,0,0
316,0,0,0,0
317,0,0,0,0
318,0,0,0,0
319,0,0,0,0
320,0,0,0,0
321,0,0,0,0
322,0,0,0,0
323,0,0,0,0
324,0,0,0,0
325,0,0,0,0
326,0,0,0,0
327,0,0,0,0
328,0,0,0,0
329,0,0,0,0
330,0,0,0,0
331,0,0,0,0
332,0,0,0,0
333,0,0,0,0
334,0,0,0,0
335,0,0,0,0
336,0,0,0,0
337,0,0,0,0
338,0,0,0,0
339,0,0,0,0
340,0,0,0,0
341,0,0,0,0
342,0,0,0,0
343,0,0,0,0
344,0,0,0,0
345,0,0,0,0
346,0,0,0,0
347,0,0,0,0
348,0,0,0,0
349,0,0,0,0
350,0,0,0,0
351,0,0,0,0
352,0,0,0,0
353,0,0,0,0
354,0,0,0,0
355,0,0,0,0
356,0,0,0,0
357,0,0,0,0
358,0,0,0,0
359,0,0,0,0
360,0,0,0,0
361,0,0,0,0
362,0,0,0,0
363,0,0,0,0
364,0,0,0,0
365,0,0,0,0
366,0,0,0,0
367,0,0,0,0
368,0,0,0,0
369,0,0,0,0
370,0,0,0,0
371,0,0,0,0
372,0,0,0,0
373,0,0,0,0
374,0,0,0,0
375,0,0,0,4
376,0,12,1,11
377,12,0,1,0
378,19,0,0,0
379,74,0,0,0
380,0,0,0,0
381,0,0,1,0
382,0,0,1,0
383,0,0,1,0
384,0,0,0,0
385,0,0,0,0
386,0,0,0,0
387,0,0,0,0
388,0,0,0,0
389,0,0,0,0
390,0,0,0,0
391,0,0,0,0
392,0,0,0,0
393,0,0,0,0
394,0,0,0,0
395,0,0,0,0
396,0,0,0,0
397,0,0,0,0
398,0,0,0,0
399,0,0,0,0
400,0,0,0,0
401,0,0,0,0
402,0,0,0,0
403,0,0,0,0
404,0,0,0,0
405,0,0,0,0
406,0,0,0,0
407,0,10,0,0
408,7,15,0,0
409,31,0,0,0
410,52,0,0,0
411,101,0,0,0
412,7,0,0,0
413,0,0,0,0
414,0,0,0,0
415,0,0,0,0
416,0,0,0,0
417,0,0,0,0
418,0,0,0,0
419,0,0,0,0
420,0,0,0,0
421,0,0,0,0
422,0,0,0,0
423,0,0,0,0
424,0,0,0,0
425,0,0,0,0
426,0,0,0,0
427,0,0,0,0
428,0,0,0,0
429,0,0,0,0
430,0,0,0,0
431,0,0,0,0
432,0,0,0,0
433,0,0,0,0
434,0,0,0,0
435,0,0,0,0
436,0,0,0,0
437,0,0,0,0
438,0,0,0,0
439,0,0,0,0
440,0,0,0,0
441,0,0,0,0
442,0,0,0,0
443,0,0,0,0
444,0,0,0,0
445,0,0,0,0
446,0,0,0,0
447,0,0,0,0
448,0,0,0,0
449,0,0,0,0
450,0,0,0,0
451,0,0,0,0
452,0,0,0,0
453,0,0,0,0
454,0,0,0,0
455,0,0,0,0
456,0,0,0,0
457,0,0,0,0
458,0,0,0,0
459,0,0,0,0
460,0,0,0,0
461,0,0,0,0
462,0,0,0,0
463,0,0,0,0
464,0,0,0,0
465,0,0,0,0
466,0,0,0,0
467,0,0,0,0
468,0,0,0,0
469,0,0,0,0
470,0,0,0,0
471,0,0,0,0
472,0,0,0,0
473,0,0,0,0
474,0,0,0,0
475,0,0,0,0
476,0,0,0,0
477,0,0,0,0
478,0,0,0,0
479,0,0,0,0
480,0,0,0,0
481,0,0,0,0
482,0,0,0,0
483,0,0,0,0
484,0,0,0,0
485,0,0,0,0
486,0,0,0,0
487,0,0,0,0
488,0,0,0,0
489,0,0,0,0
490,0,0,0,0
491,0,0,0,0
492,0,0,0,0
493,0,0,0,0
494,0,0,0,0
495,0,0,0,0
496,0,0,0,0
497,0,0,0,0
498,0,0,0,0
499,0,0,0,0
500,0,0,0,0
501,0,0,0,0
502,0,0,0,0
503,0,0,0,0
504,0,0,0,0
505,0,0,0,0
506,0,0,0,0
507,0,0,0,0
508,0,0,0,0
509,0,0,0,0
510,0,0,0,0
511,0,0,0,0
512,0,0,0,0
513,0,0,0,0
514,0,0,0,0
515,0,0,0,0
516,0,0,0,0
517,0,0,0,0
518,0,0,0,0
519,0,0,0,0
520,0,0,0,0
521,0,0,0,0
522,0,0,0,0
523,0,0,0,0
524,0,0,0,0
525,0,0,0,0
526,0,0,0,0
527,0,0,0,0
528,0,0,0,0
529,0,0,0,0
530,0,0,0,0
531,0,0,0,0
532,0,0,0,0
533,0,0,0,0
534,0,0,0,0
535,0,0,0,0
536,0,0,0,0
537,0,0,0,0
538,0,0,0,0
539,0,0,0,0
540,0,0,0,0
541,0,0,0,0
542,0,0,0,0
543,0,0,0,0
544,0,0,0,0
545,0,0,0,0
546,0,0,0,0
547,0,0,0,0
548,0,0,0,0
549,0,0,0,0
550,0,0,0,0
551,0,0,0,0
552,0,0,0,0
553,0,0,0,0
554,0,0,0,0
555,0,0,0,0
556,0,0,0,0
557,0,0,0,0
558,0,0,0,0
559,0,0,0,0
560,0,0,0,0
561,0,0,0,0
562,0,0,0,0
563,0,0,0,0
564,0,0,0,0
565,0,0,0,0
566,0,0,0,0
567,0,0,0,0
568,0,0,0,0
569,0,0,0,0
570,0,0,0,0
571,0,0,0,0
572,0,0,0,0
573,0,0,0,0
574,0,0,0,0
575,0,0,0,0
576,0,0,0,0
577,0,0,0,0
578,0,0,0,0
579,0,0,0,0
580,0,0,0,0
581,0,0,0,0
582,0,0,0,0
583,0,0,0,0
584,0,0,0,0
585,0,0,0,0
586,0,0,0,0
587,0,0,0,0
588,0,0,0,0
589,0,0,0,0
590,0,0,0,0
591,0,0,0,0
592,0,0,0,0
593,0,0,0,0
594,0,0,0,0
595,0,0,0,0
596,0,0,0,0
597,0,0,0,0
598,0,0,0,0
599,0,0,0,0
600,0,0,0,0
601,0,0,0,0
602,0,0,0,0
603,19,14,3,1
604,113,21,5,1
605,177,19,5,0
606,104,7,5,0
607,0,0,1,0
608,0,0,1,0
609,0,0,1,0
610,0,0,0,0
611,0,0,0,0
612,0,0,0,0
613,0,0,0,0
614,0,0,0,0
615,0,0,0,0
616,0,0,0,0
617,0,0,0,0
618,0,0,0,0
619,0,0,0,0
620,0,0,0,0
621,0,0,0,0
622,0,0,0,0
623,0,0,0,0
624,0,0,0,0
625,0,0,0,0
626,0,0,0,0
627,0,0,0,0
628,0,0,0,0
629,0,0,0,0
630,0,0,0,0
631,0,0,0,0
632,0,0,0,0
633,0,0,0,0
634,0,0,0,0
635,0,0,0,0
636,0,0,0,0
637,0,0,0,0
638,0,0,0,0
639,0,0,0,0
640,0,0,0,0
641,0,0,0,0
642,0,0,0,0
643,0,0,0,0
644,0,0,0,0
645,0,0,0,0
646,0,0,0,0
647,0,0,0,0
648,0,0,0,0
649,0,0,0,0
650,0,0,0,0
651,0,0,0,0
652,0,0,0,0
653,0,0,0,0
654,0,0,0,0
655,0,0,0,0
656,0,0,0,0
657,0,0,0,0
658,0,0,0,0
659,0,0,0,0
660,0,0,0,0
661,0,0,0,0
662,0,0,0,0
663,0,0,0,0
664,0,0,0,0
665,0,0,0,0
666,0,0,0,0
667,0,0,0,0
668,0,0,0,0
669,0,0,0,0
670,0,0,0,0
671,0,0,0,0
672,0,0,0,0
673,0,0,0,0
674,0,0,0,0
675,0,0,0,0
676,0,0,0,0
677,0,0,0,0
678,0,0,0,0
679,0,0,0,0
680,0,0,0,0
681,0,0,0,0
682,0,0,0,0
683,0,0,0,0
684,0,0,0,0
685,0,0,0,0
686,0,0,0,0
687,0,0,0,0
688,0,0,0,0
689,0,0,0,0
690,0,0,0,0
691,0,0,0,0
692,0,0,0,0
693,0,0,0,0
694,0,0,0,0
695,0,0,0,0
696,0,0,0,0
697,0,0,0,0
698,0,0,0,0
699,0,0,0,0
700,0,0,0,0
701,0,0,0,0
702,0,0,0,0
703,0,0,0,0
704,0,0,0,0
705,0,0,0,0
706,0,0,0,0
707,0,0,0,0
708,0,0,0,0
709,0,0,0,0
710,0,0,0,0
711,0,0,0,0
712,0,0,0,0
713,0,0,0,0
714,1,0,0,0
715,5,1,0,0
716,15,0,1,0
717,17,0,0,0
718,108,0,0,0
719,36,0,1,0
720,0,0,1,0
721,0,0,1,0
722,0,0,0,0
723,0,0,0,0
724,0,0,0,0
725,0,0,0,0
726,0,0,0,0
727,0,0,0,0
728,0,0,0,0
729,0,0,0,0
730,0,0,0,0
731,0,0,0,0
732,0,0,0,0
733,0,0,0,0
734,0,0,0,0
735,0,0,0,0
736,0,0,0,0
737,0,0,0,0
738,0,0,0,0
739,0,0,0,0
740,0,0,0,0
741,0,0,0,0
742,0,0,0,0
743,0,0,0,0
744,0,0,0,0
745,0,0,0,0
746,11,0,1,7
747,18,0,1,10
748,42,0,4,0
749,2,0,3,0
750,72,0,3,0
751,0,0,2,0
752,8,1,1,0
753,15,9,2,0
754,15,3,3,0
755,9,4,2,0
756,32,17,2,0
757,39,15,2,0
758,29,9,2,0
759,48,4,16,0
760,27,2,2,0
761,24,10,2,0
762,0,2,1,0
763,0,0,1,0
764,39,0,4,0
765,47,0,2,0
766,3,0,2,0
767,26,15,2,0
768,53,28,5,0
769,21,24,10,0
770,22,6,6,0
771,67,12,12,0
772,18,6,2,0
773,17,10,2,0
774,73,3,6,0
775,8,12,3,0
776,4,23,2,0
777,7,22,2,0
778,13,24,2,0
779,61,28,13,0
780,1,6,3,0
781,0,0,6,0
782,0,9,25,0
783,0,6,4,0
784,0,11,1,0
785,1,37,2,0
786,37,30,2,0
787,16,34,6,0
788,35,28,4,2
789,20,0,4,10
790,6,12,3,16
791,54,29,12,37
792,54,16,69,38
793,37,16,47,22
794,51,29,90,31
795,27,19,34,26
796,3,13,2,2
797,63,38,30,0
798,31,1,21,0
799,0,0,4,0
800,0,4,2,0
801,0,16,2,0
802,1,11,4,0
803,16,26,41,0
804,27,6,20,0
805,12,33,2,2
806,7,4,2,0
807,9,20,5,0
808,7,10,7,0
809,30,17,3,0
810,2,1,3,0
811,0,4,2,0
812,30,40,11,1
813,31,14,26,0
814,0,10,2,0
815,2,8,2,0
816,59,1,10,0
817,31,2,2,6
818,48,30,16,3
819,56,11,11,0
820,29,17,4,19
821,51,4,7,6
822,25,23,11,30
823,64,18,10,19
824,18,6,1,5
825,38,22,32,32
826,27,4,19,28
827,23,0,10,11
828,0,12,2,0
829,15,26,4,1
830,29,27,23,3
831,0,5,1,0
832,3,13,1,0
833,17,26,2,0
834,26,38,3,0
835,76,31,44,0
836,9,25,1,0
837,10,18,2,0
838,68,8,12,0
839,29,15,6,0
840,31,30,2,0
841,79,32,9,0
842,31,8,15,0
843,2,18,4,0
844,34,34,1,0
845,9,32,1,0
846,72,16,5,0
847,20,0,1,0
848,71,5,4,0
849,31,0,1,0
850,37,15,1,0
851,30,16,15,0
852,13,7,3,0
853,0,0,1,0
854,16,8,1,0
855,22,2,1,0
856,3,0,1,0
857,52,0,1,0
858,32,0,1,0
859,61,6,12,0
860,5,0,8,0
861,94,1,13,0
862,41,0,7,0
863,90,0,16,0
864,65,0,16,0
865,60,0,12,0
866,95,0,0,0
867,52,0,1,0
868,74,0,45,0
869,22,0,2,0
870,9,0,1,0
871,29,0,1,0
872,17,4,1,0
873,32,9,1,0
874,74,0,5,0
875,15,0,6,0
876,57,0,1,0
877,44,0,1,0
878,30,0,12,0
879,51,0,20,0
880,2,0,1,0
881,6,0,1,0
882,83,0,38,0
883,15,0,3,0
884,7,0,1,0
885,16,0,1,0
886,12,0,6,0
887,15,0,5,0
888,69,0,2,0
889,38,0,1,0
890,49,0,1,0
891,97,0,50,0
892,12,0,9,0
893,0,0,1,0
894,12,0,1,0
895,28,0,1,0
896,19,0,5,0
897,31,0,2,0
898,69,0,1,0
899,96,0,2,0
900,47,0,2,0
901,60,0,2,0
902,63,0,4,0
903,22,0,1,0
904,82,0,2,0
905,72,0,1,0
906,76,0,1,1
907,115,0,1,1
908,56,0,5,0
909,43,0,10,5
910,63,0,1,3
911,60,0,3,2
912,117,0,1,1
913,71,0,14,0
914,91,0,42,0
915,48,0,4,0
916,69,0,9,0
917,68,0,26,0
918,30,0,2,0
919,86,0,20,0
920,34,0,7,0
921,127,0,8,0
922,79,0,2,0
923,133,0,11,0
924,140,0,9,0
925,127,0,17,0
926,138,0,33,0
927,73,0,9,0
928,70,0,33,0
929,21,0,6,0
930,38,25,34,0
931,62,6,31,0
932,14,32,45,2
933,51,32,63,11
934,4,13,14,0
935,77,22,69,0
936,22,10,12,0
937,4,22,22,0
938,18,18,34,0
939,67,32,66,4
940,51,44,40,0
941,49,41,76,0
942,44,31,31,0
943,53,27,30,0
944,79,19,75,0
945,57,21,78,0
946,80,22,56,23
947,86,13,76,17
948,37,37,48,17
949,90,40,96,13
950,14,27,5,1
951,109,19,62,4
952,51,25,5,0
953,43,40,24,4
954,58,33,36,13
955,50,34,47,8
956,84,18,41,3
957,85,11,15,7
958,102,31,89,8
959,42,10,36,0
960,24,0,2,0
961,87,10,38,1
962,9,21,14,0
963,21,12,1,0
964,37,21,1,0
965,34,13,11,0
966,45,9,8,0
967,101,14,8,0
968,68,21,7,0
969,61,11,20,0
970,86,4,29,0
971,6,1,2,0
972,35,0,5,0
973,52,2,18,0
974,67,2,5,0
975,80,0,8,0
976,47,0,31,0
977,43,0,48,0
978,22,2,37,0
979,79,3,87,0
980,5,0,16,0
981,25,11,24,0
982,62,14,73,0
983,4,19,3,0
984,64,18,50,0
985,97,32,132,0
986,39,2,18,0
987,47,8,15,0
988,47,0,1,0
989,21,0,1,0
990,57,0,25,0
991,92,0,34,0
992,29,0,13,0
993,37,0,2,0
994,62,0,9,0
995,1,0,2,0
996,87,0,7,0
997,68,0,2,0
998,79,0,9,0
999,6,0,3,0
1000,91,0,48,0
1001,17,0,15,0
1002,32,2,28,0
1003,56,1,31,0
1004,58,0,7,0
1005,50,0,27,0
1006,87,0,15,0
1007,15,0,1,0
1008,49,0,1,0
1009,69,0,2,0
1010,57,2,1,0
1011,152,3,1,1
1012,56,8,1,0
1013,80,22,1,0
1014,78,12,6,0
1015,51,15,1,0
1016,70,23,1,0
1017,165,2,1,0
1018,181,0,3,0
1019,58,9,1,0
1020,39,11,6,1
1021,44,22,15,0
1022,98,21,39,0
1023,54,34,2,0
1024,88,6,8,0
1025,26,10,1,0
1026,73,24,9,0
1027,49,10,4,0
1028,18,6,0,0
1029,50,21,1,0
1030,100,8,1,0
1031,62,11,1,0
1032,94,3,1,0
1033,61,0,3,0
1034,46,3,1,0
1035,99,1,2,0
1036,75,7,2,0
1037,63,2,1,0
1038,72,4,1,0
1039,79,2,1,0
1040,27,3,1,0
1041,114,5,1,0
1042,70,1,1,0
1043,89,8,1,0
1044,105,0,0,1
1045,75,0,0,0
1046,101,2,2,0
1047,187,0,1,0
1048,138,0,1,0
1049,157,0,28,0
1050,45,0,1,0
1051,122,0,1,0
1052,19,0,1,0
1053,63,0,0,4
1054,91,1,1,0
1055,67,0,1,1
1056,92,0,1,4
1057,49,0,1,0
1058,71,0,8,0
1059,175,0,26,0
1060,24,0,5,0
1061,0,0,0,0
1062,0,0,0,0
1063,0,0,1,0
1064,0,0,1,0
1065,0,0,1,0
1066,0,0,1,0
1067,0,0,1,0
1068,0,0,1,0
1069,0,0,1,0
1070,0,0,1,0
1071,0,0,1,0
1072,0,0,1,0
1073,0,0,1,0
1074,0,0,1,0
1075,0,0,1,0
1076,0,0,1,0
1077,20,0,3,15
1078,138,0,23,37
1079,88,0,25,28
1080,7,0,18,23
1081,70,0,17,0
1082,7,0,6,0
1083,0,0,2,0
1084,0,0,1,0
1085,0,0,1,0
1086,0,0,1,0
1087,0,0,1,0
1088,0,0,1,0
1089,0,0,1,0
1090,0,0,1,0
1091,0,0,1,0
1092,0,0,0,0
1093,0,0,0,0
1094,0,0,0,0
1095,0,0,0,0
1096,0,0,0,0
1097,0,0,0,0
1098,0,0,0,0
1099,0,0,0,0
1100,0,0,0,0
1101,0,0,0,0
1102,0,0,0,0
1103,0,0,0,0
1104,0,0,0,0
1105,0,0,1,0
1106,0,0,0,0
1107,0,0,0,0
1108,0,0,0,0
1109,0,0,0,0
1110,0,0,0,0
1111,0,0,0,0
1112,0,0,0,0
1113,0,0,0,0
1114,0,0,0,0
1115,0,0,0,0
1116,0,0,0,0
1117,0,0,0,0
1118,0,0,0,0
1119,0,0,0,0
1120,0,0,1,0
1121,0,0,0,0
1122,0,0,0,0
1123,0,0,0,0
1124,0,0,1,0
1125,0,0,0,0
1126,0,0,0,0
1127,0,0,1,0
1128,0,0,0,0
1129,0,0,0,0
1130,0,0,1,0
1131,0,0,0,0
1132,0,0,0,0
1133,0,0,1,0
1134,0,0,1,0
1135,0,0,0,0
1136,0,0,1,0
1137,0,0,0,0
1138,0,0,1,0
1139,0,0,1,0
1140,0,0,0,0
1141,0,0,1,0
1142,0,0,1,0
1143,0,0,1,0
1144,0,0,0,0
1145,0,0,1,0
1146,0,0,0,0
1147,0,0,1,0
1148,0,0,1,0
1149,0,0,1,0
1150,0,0,1,0
1151,0,0,0,0
1152,0,0,0,0
1153,0,0,1,0
1154,0,0,1,0
1155,0,0,1,0
1156,0,0,1,0
1157,0,0,1,0
1158,0,0,1,0
1159,0,0,1,0
1160,0,0,1,0
1161,0,0,1,0
1162,0,0,1,0
1163,0,0,1,0
1164,0,0,1,0
1165,0,0,1,0
1166,0,0,1,0
1167,0,0,1,0
1168,0,0,1,0
1169,0,0,1,0
1170,0,0,1,0
1171,0,0,1,0
1172,0,0,1,0
1173,0,0,1,0
1174,0,0,1,0
1175,0,0,1,0
1176,0,0,1,0
1177,0,0,1,0
1178,0,0,1,0
1179,0,0,1,0
1180,0,0,1,0
1181,0,0,1,0
1182,0,0,1,0
1183,0,0,1,0
1184,0,0,0,0
1185,0,0,1,0
1186,0,0,1,0
1187,0,0,0,0
1188,0,0,1,0
1189,0,0,1,0
1190,0,0,1,0
1191,0,0,0,0
1192,0,0,0,0
1193,11,0,3,0
1194,42,0,4,0
1195,1,0,22,1
1196,0,0,51,0
1197,0,0,105,0
1198,4,0,42,0
1199,0,0,2,2
1200,84,0,5,0
1201,119,1,5,0
1202,18,3,2,0
1203,34,5,8,0
1204,0,0,0,0
1205,0,0,0,0
1206,0,0,1,0
1207,0,0,0,0
1208,0,0,0,0
1209,0,0,0,0
1210,0,0,0,0
1211,14,3,1,0
1212,50,0,1,0
1213,0,2,8,1
1214,0,10,3,0
1215,0,0,0,0
1216,0,0,0,0
1217,0,0,2,0
1218,0,0,2,0
1219,0,0,2,0
1220,0,0,1,0
1221,0,0,1,0
1222,0,0,1,0
1223,0,0,1,0
1224,0,0,1,0
1225,0,0,1,0
1226,0,0,1,0
1227,0,0,1,0
1228,0,0,1,0
1229,0,0,1,0
1230,0,0,1,0
1231,0,0,1,0
1232,0,0,1,0
1233,0,0,1,0
1234,0,0,1,0
1235,0,0,1,0
1236,0,0,1,0
1237,0,0,1,0
1238,0,3,1,0
1239,0,17,1,0
1240,0,43,2,0
1241,0,49,2,0
1242,0,40,2,0
1243,0,50,2,0
1244,0,59,2,0
1245,0,58,2,0
1246,0,67,2,0
1247,0,74,2,0
1248,0,81,2,0
1249,0,86,2,0
1250,0,87,2,0
1251,0,90,2,0
1252,0,91,2,0
1253,0,90,2,0
1254,0,91,2,0
1255,0,85,1,0
1256,0,71,1,0
1257,0,76,1,0
1258,0,76,1,0
1259,0,75,1,0
1260,0,75,1,0
1261,0,80,1,0
1262,0,83,1,0
1263,0,83,1,0
1264,0,84,1,0
1265,0,76,1,0
1266,0,78,1,0
1267,0,81,1,0
1268,0,78,1,0
1269,0,63,26,0
1270,0,68,2,0
1271,0,59,1,0
1272,0,46,1,0
1273,0,59,1,0
1274,0,66,1,0
1275,0,64,1,0
1276,0,61,1,0
1277,0,63,0,0
1278,0,66,0,0
1279,0,63,1,0
1280,0,65,1,0
1281,0,66,1,0
1282,0,66,1,0
1283,0,65,1,0
1284,0,69,1,0
1285,0,68,1,0
1286,0,62,1,0
1287,0,63,1,0
1288,0,65,1,0
1289,0,67,1,0
1290,0,65,1,0
1291,0,66,1,0
1292,0,63,1,0
1293,0,62,1,0
1294,0,58,1,0
1295,0,58,1,0
1296,0,58,1,0
1297,0,55,1,0
1298,0,59,1,0
1299,0,61,1,0
1300,0,60,1,0
1301,0,59,1,0
1302,0,64,1,0
1303,0,65,0,0
1304,0,62,1,0
1305,0,64,1,0
1306,0,64,1,0
1307,0,61,1,0
1308,0,63,1,0
1309,0,64,1,0
1310,0,61,1,0
1311,0,61,1,0
1312,0,64,1,0
1313,0,64,1,0
1314,0,62,1,0
1315,0,65,1,0
1316,0,67,1,0
1317,0,61,1,0
1318,0,65,1,0
1319,0,65,1,0
1320,0,60,1,0
1321,0,60,1,0
1322,0,63,1,0
1323,0,64,1,0
1324,0,62,1,0
1325,0,65,1,0
1326,0,66,1,0
1327,0,55,1,0
1328,0,48,1,0
1329,0,56,0,0
1330,0,59,1,0
1331,0,60,0,0
1332,0,60,1,0
1333,0,61,1,0
1334,0,25,0,0
1335,0,0,0,0
1336,0,4,0,0
1337,0,10,0,0
1338,0,15,0,0
1339,0,15,0,0
1340,0,16,0,0
1341,0,16,0,0
1342,0,15,0,0
1343,0,11,0,0
1344,0,13,0,0
1345,0,18,0,0
1346,0,19,0,0
1347,0,19,0,0
1348,0,17,1,0
1349,0,20,1,0
1350,0,20,0,0
1351,0,18,1,0
1352,0,22,0,0
1353,0,22,1,0
1354,0,19,1,0
1355,0,22,1,0
1356,0,19,1,0
1357,0,8,0,0
1358,0,7,0,0
1359,0,12,1,0
1360,0,11,1,0
1361,0,9,0,0
1362,0,8,0,0
1363,0,13,1,0
1364,0,8,1,0
1365,0,11,1,0
1366,0,12,1,0
1367,0,9,1,0
1368,0,10,1,0
1369,0,7,1,0
1370,0,5,1,0
1371,0,6,1,0
1372,0,6,1,0
1373,0,4,0,0
1374,0,5,1,0
1375,0,10,1,0
1376,0,10,0,0
1377,0,6,0,0
1378,0,6,0,0
1379,0,7,1,0
1380,0,8,0,0
1381,0,11,0,0
1382,0,8,0,0
1383,0,7,0,0
1384,0,8,0,0
1385,0,9,0,0
1386,0,5,0,0
1387,0,0,0,0
1388,0,0,0,0
1389,0,9,1,0
1390,0,17,1,0
1391,0,16,1,0
1392,0,0,1,0
1393,0,0,0,0
1394,0,0,0,0
1395,0,0,0,0
1396,0,0,0,0
1397,0,0,0,0
1398,0,0,0,0
1399,0,0,0,0
1400,0,0,0,0
1401,0,0,0,0
1402,0,0,1,0
1403,0,0,1,0
1404,0,0,1,0
1405,0,0,1,0
1406,0,0,1,0
1407,0,0,2,27
1408,0,0,2,58
1409,0,0,1,18
1410,0,0,1,16
1411,0,0,1,25
1412,0,0,1,33
1413,0,9,1,44
1414,0,18,1,49
1415,0,11,1,26
1416,0,5,1,1
1417,0,44,1,0
1418,0,51,1,0
1419,0,58,1,0
1420,0,60,1,0
1421,0,72,1,0
1422,0,34,1,0
1423,0,0,0,0
1424,0,0,1,0
1425,0,0,1,0
1426,0,0,0,0
1427,0,0,1,0
1428,0,0,1,0
1429,0,0,1,0
1430,0,0,1,0
1431,0,0,1,0
1432,0,0,1,0
1433,0,0,1,0
1434,0,0,1,0
1435,0,0,1,0
1436,0,0,1,0
1437,0,0,1,0
1438,0,0,1,0
1439,0,0,1,0
1440,0,0,1,0
1441,0,0,1,0
1442,0,0,1,8
1443,3,0,1,25
1444,4,0,1,29
1445,3,0,1,15
1446,0,0,2,8
1447,0,0,2,6
1448,2,0,8,14
1449,1,0,5,12
1450,0,0,2,0
1451,0,0,2,0
1452,0,0,2,0
1453,0,0,2,0
1454,0,0,1,0
1455,0,0,1,0
1456,0,0,1,0
1457,0,0,1,0
1458,0,0,1,0
1459,0,0,1,0
1460,0,0,1,0
1461,0,0,1,0
1462,0,0,1,0
1463,0,0,1,0
1464,0,0,1,0
1465,0,0,1,0
1466,0,0,1,0
1467,0,0,1,0
1468,0,0,1,0
1469,0,0,1,0
1470,0,0,1,0
1471,0,0,1,0
1472,0,0,1,0
1473,0,0,1,0
1474,0,0,1,0
1475,0,0,1,0
1476,0,0,1,0
1477,0,0,1,0
1478,0,0,1,0
1479,0,0,1,0
1480,0,0,1,0
1481,0,0,1,0
1482,0,0,1,0
1483,0,0,1,0
1484,0,0,1,0
1485,0,0,1,0
1486,0,0,1,0
1487,0,0,1,0
1488,0,0,1,0
1489,0,0,1,0
1490,0,0,1,0
1491,0,0,1,0
1492,0,0,1,0
1493,0,0,1,0
1494,0,0,1,0
1495,0,0,1,0
1496,0,0,1,0
1497,0,0,1,0
1498,0,0,1,0
1499,0,0,1,0
1500,0,0,1,0
1501,17,0,1,0
1502,128,11,1,0
1503,5,9,1,2
1504,1,21,1,0
1505,123,1,0,0
1506,70,0,1,0
1507,92,0,1,0
1508,10,0,1,0
1509,0,0,1,0
1510,0,0,1,0
1511,0,0,1,0
1512,0,0,1,0
1513,0,0,1,0
1514,0,1,1,0
1515,0,6,1,0
1516,0,7,1,0
1517,0,4,1,0
1518,0,0,0,0
1519,0,0,0,0
1520,22,12,0,0
1521,73,0,0,0
1522,0,0,0,0
1523,1,0,0,0
1524,97,0,0,0
1525,112,0,0,0
1526,125,0,0,0
1527,166,0,0,0
1528,164,0,0,0
1529,144,0,0,0
1530,124,0,0,0
1531,101,0,0,0
1532,43,0,0,0
1533,0,0,0,0
1534,0,0,0,0
1535,0,0,0,0
1536,0,0,1,0
1537,0,0,1,0
1538,0,0,1,0
1539,0,0,1,0
1540,0,0,1,0
1541,0,0,1,0
1542,0,0,1,0
1543,0,0,0,0
1544,0,0,0,0
1545,0,0,0,0
1546,0,0,0,0
1547,0,0,0,0
1548,0,0,0,0
1549,0,0,0,0
1550,0,0,0,0
1551,0,0,0,0
1552,0,0,0,0
1553,0,0,0,0
1554,0,0,0,0
1555,0,0,0,0
1556,0,0,0,0
1557,0,0,0,0
1558,0,0,0,0
1559,0,0,0,0
1560,0,0,0,0
1561,0,0,0,0
1562,0,0,0,0
1563,0,0,0,0
1564,0,0,0,0
1565,0,0,0,0
1566,0,0,0,0
1567,0,0,0,0
1568,0,0,0,0
1569,0,0,0,0
1570,0,0,0,0
1571,0,0,0,0
1572,0,0,0,0
1573,0,0,0,0
1574,0,0,0,0
1575,0,0,0,0
1576,0,0,0,0
1577,0,0,0,0
1578,0,0,0,0
1579,0,0,1,0
1580,0,0,1,0
1581,0,0,1,0
1582,0,0,1,0
1583,0,0,1,0
1584,0,0,1,0
1585,0,0,1,0
1586,0,0,1,0
1587,0,0,1,0
1588,0,0,1,0
1589,0,0,1,0
1590,0,0,1,0
1591,0,0,1,0
1592,0,0,1,0
1593,0,0,1,0
1594,0,0,1,0
1595,0,0,1,0
1596,0,0,1,0
1597,0,0,1,0
1598,0,0,1,0
1599,0,0,1,0
1600,0,0,1,0
1601,0,0,1,0
1602,0,0,1,0
1603,0,0,1,0
1604,0,0,1,0
1605,0,0,1,0
1606,0,0,1,0
1607,0,0,1,0
1608,0,0,1,0
1609,0,0,1,0
1610,0,0,1,0
1611,0,0,1,0
1612,0,0,1,0
1613,0,0,1,0
1614,0,0,1,0
1615,0,0,1,0
1616,0,0,1,0
1617,0,0,1,0
1618,0,0,25,39
1619,0,0,24,31
1620,38,0,12,0
1621,0,0,1,0
1622,0,0,2,0
1623,0,0,2,0
1624,22,1,1,0
1625,23,23,1,6
1626,96,1,1,2
1627,0,0,1,0
1628,0,10,1,4
1629,0,2,3,4
1630,0,0,2,0
1631,0,0,2,0
1632,0,0,1,0
1633,0,0,2,0
1634,0,0,1,0
1635,0,0,1,0
1636,0,0,1,0
1637,52,0,1,0
1638,100,11,1,0
1639,127,38,1,0
1640,310,14,1,0
1641,47,1,1,0
1642,0,0,1,0
1643,0,0,1,0
1644,0,0,1,0
1645,0,0,1,0
1646,0,0,1,0
1647,59,0,1,0
1648,119,1,1,1
1649,24,33,3,1
1650,40,44,3,0
1651,31,55,2,0
1652,17,60,1,0
1653,18,65,1,0
1654,22,80,1,0
1655,14,87,1,0
1656,10,94,1,0
1657,20,56,1,0
1658,124,7,1,0
1659,193,12,1,2
1660,5,1,1,0
1661,0,0,1,0
1662,0,0,1,0
1663,0,0,1,0
1664,0,0,1,0
1665,0,0,1,0
1666,0,0,1,0
1667,0,0,1,0
1668,0,0,1,0
1669,0,0,1,0
1670,0,0,1,0
1671,0,0,1,0
1672,0,0,1,0
1673,0,0,1,0
1674,0,0,1,0
1675,0,0,1,0
1676,0,0,1,0
1677,0,0,1,0
1678,0,0,1,0
1679,0,0,1,0
1680,0,0,1,0
1681,0,0,1,0
1682,0,0,1,0
1683,12,5,1,0
1684,45,1,4,0
1685,0,0,1,0
1686,0,0,1,0
1687,0,0,1,0
1688,0,0,1,0
1689,0,0,1,0
1690,0,0,1,0
1691,1,0,1,0
1692,5,0,1,0
1693,8,1,1,0
1694,6,14,2,0
1695,34,6,2,0
1696,34,6,1,0
1697,6,0,1,0
1698,0,0,0,0
1699,0,0,1,0
1700,0,0,1,0
1701,0,0,1,0
1702,0,0,1,0
1703,0,0,1,0
1704,0,0,1,0
1705,0,0,1,0
1706,0,0,1,0
1707,0,0,1,0
1708,0,0,1,0
1709,0,0,1,0
1710,0,0,1,0
1711,0,0,1,0
1712,0,0,1,0
1713,0,0,1,0
1714,0,0,0,0
1715,0,0,0,0
1716,0,0,0,0
1717,0,0,0,0
1718,0,0,0,0
1719,0,0,0,0
1720,0,0,0,0
1721,0,0,0,0
1722,0,0,0,0
1723,0,0,0,0
1724,0,0,0,0
1725,0,0,0,0
1726,0,0,0,0
1727,0,0,0,0
1728,0,0,0,0
1729,0,0,0,0
1730,0,0,0,0
1731,0,0,1,0
1732,0,0,1,0
1733,7,0,1,1
1734,80,0,6,18
1735,27,0,1,24
1736,157,0,1,32
1737,7,0,1,53
1738,0,0,1,29
1739,0,0,1,41
1740,0,0,1,7
1741,0,0,1,0
1742,0,0,1,0
1743,0,0,1,0
1744,0,0,1,0
1745,0,0,1,0
1746,0,0,1,0
1747,0,0,1,0
1748,0,0,1,0
1749,0,0,1,5
1750,0,0,1,2
1751,0,0,0,0
1752,0,3,1,0
1753,0,5,1,0
1754,0,0,1,0
1755,0,0,1,0
1756,0,0,1,0
1757,3,0,1,0
1758,1,18,1,12
1759,23,7,1,24
1760,71,9,1,23
1761,0,10,1,4
1762,0,3,1,1
1763,0,2,1,8
1764,0,6,1,10
1765,0,21,2,39
1766,0,49,2,44
1767,0,56,3,38
1768,0,12,1,2
1769,0,18,1,0
1770,0,43,1,0
1771,0,40,1,0
1772,0,52,1,0
1773,0,45,2,7
1774,0,42,7,13
1775,0,70,5,5
1776,0,52,2,0
1777,0,58,2,0
1778,0,56,2,0
1779,0,57,2,0
1780,0,65,2,0
1781,0,65,1,0
1782,0,67,1,0
1783,0,70,1,0
1784,0,74,1,0
1785,0,68,1,0
1786,0,68,1,0
1787,0,72,1,0
1788,0,71,2,0
1789,0,70,2,0
1790,0,71,2,0
1791,0,71,1,0
1792,0,72,2,0
1793,0,74,1,0
1794,0,78,2,0
1795,0,78,2,0
1796,0,81,2,0
1797,0,65,2,0
1798,0,58,2,0
1799,0,66,1,0
1800,0,74,1,0
1801,4,45,1,0
1802,87,17,1,0
1803,2,41,1,0
1804,0,44,1,0
1805,0,49,1,0
1806,0,66,1,0
1807,0,60,1,0
1808,0,64,1,0
1809,0,45,1,0
1810,0,63,1,0
1811,0,33,1,0
1812,0,0,1,0
1813,0,0,1,0
1814,70,0,1,0
1815,23,0,1,0
1816,41,0,2,0
1817,52,0,14,0
1818,39,0,22,0
1819,43,0,3,0
1820,28,0,2,0
1821,38,0,1,0
1822,44,0,1,0
1823,28,0,1,0
1824,35,0,1,0
1825,33,0,1,0
1826,23,0,1,0
1827,7,17,1,0
1828,5,39,1,0
1829,4,44,1,0
1830,5,49,1,0
1831,5,54,1,0
1832,5,56,1,0
1833,5,61,1,0
1834,5,63,1,0
1835,5,63,1,0
1836,5,64,1,0
1837,4,65,1,0
1838,4,62,1,0
1839,3,61,1,0
1840,2,59,1,0
1841,3,61,1,0
1842,4,54,1,0
1843,2,10,1,0
1844,8,0,1,1
1845,109,3,1,1
1846,81,7,1,0
1847,9,21,1,0
1848,0,15,1,0
1849,0,19,2,0
1850,2,7,2,0
1851,7,27,2,0
1852,0,41,2,0
1853,0,47,2,0
1854,0,51,3,0
1855,0,43,3,0
1856,0,37,2,0
1857,1,31,1,5
1858,73,31,1,0
1859,1,33,1,0
1860,0,7,2,0
1861,0,0,1,0
1862,0,0,1,0
1863,0,0,1,0
1864,0,0,1,0
1865,0,0,1,0
1866,0,0,1,0
1867,14,0,1,0
1868,95,0,1,0
1869,104,0,1,0
1870,159,0,1,0
1871,114,0,1,0
1872,26,2,1,0
1873,41,14,1,0
1874,0,29,1,0
1875,0,33,1,0
1876,0,34,3,0
1877,0,35,4,0
1878,0,53,5,0
1879,0,42,37,0
1880,0,43,30,0
1881,0,46,10,0
1882,0,29,57,0
1883,0,43,55,0
1884,0,51,52,0
1885,0,44,44,0
1886,0,45,28,0
1887,0,47,49,0
1888,0,53,53,0
1889,0,49,27,0
1890,8,29,3,0
1891,32,34,4,0
1892,52,10,24,0
1893,0,26,5,0
1894,0,42,4,0
1895,0,41,4,0
1896,0,28,2,0
1897,0,11,1,0
1898,0,29,3,0
1899,0,31,3,0
1900,0,30,3,0
1901,0,7,1,0
1902,8,22,1,0
1903,10,11,2,0
1904,0,4,4,0
1905,0,31,4,0
1906,0,33,2,0
1907,11,2,1,0
1908,108,12,1,1
1909,36,0,1,0
1910,1,0,1,0
1911,0,0,1,0
1912,0,0,1,0
1913,8,12,1,1
1914,11,4,1,0
1915,145,36,1,0
1916,178,41,1,0
1917,55,40,1,0
1918,68,30,1,0
1919,87,34,2,0
1920,34,29,3,0
1921,0,28,2,0
1922,6,2,1,0
1923,251,0,1,0
1924,72,1,1,0
1925,145,2,1,0
1926,171,0,1,0
1927,0,0,1,0
1928,0,0,1,0
1929,0,0,1,0
1930,0,0,1,0
1931,0,0,1,0
1932,0,0,1,0
1933,0,0,1,0
1934,0,0,1,0
1935,0,0,1,0
1936,0,0,1,0
1937,0,0,1,0
1938,0,0,1,0
1939,0,0,1,0
1940,0,0,1,0
1941,0,0,1,0
1942,0,0,1,0
1943,0,0,1,0
1944,0,0,1,0
1945,0,0,1,0
1946,0,0,1,0
1947,0,0,1,0
1948,0,0,1,0
1949,0,0,1,0
1950,0,0,1,0
1951,0,0,1,0
1952,0,0,1,0
1953,0,0,1,0
1954,0,0,1,0
1955,0,0,1,0
1956,0,0,1,0
1957,0,0,1,0
1958,0,0,1,0
1959,0,0,1,0
1960,0,0,1,0
1961,0,0,1,0
1962,17,0,1,2
1963,80,23,1,0
1964,23,39,1,0
1965,44,19,2,2
1966,13,33,1,0
1967,29,56,1,0
1968,30,39,1,0
1969,137,12,1,0
1970,5,0,1,0
1971,0,0,1,0
1972,0,0,1,0
1973,0,0,1,0
1974,0,0,1,0
1975,15,14,1,0
1976,72,25,1,0
1977,0,12,1,0
1978,0,0,1,0
1979,0,12,1,0
1980,6,22,1,4
1981,16,35,1,20
1982,86,0,1,1
1983,106,11,1,2
1984,59,8,1,0
1985,0,0,1,0
1986,0,0,1,0
1987,1,0,1,0
1988,0,0,1,0
1989,0,0,1,0
1990,0,0,1,0
1991,0,0,1,0
1992,0,0,1,0
1993,0,0,1,0
1994,0,0,1,0
1995,43,15,1,0
1996,160,3,0,0
1997,109,1,1,0
1998,11,0,1,0
1999,0,0,1,0
2000,0,0,1,0
2001,0,0,1,0
2002,0,0,1,0
2003,0,0,1,0
2004,0,0,1,0
2005,0,0,1,0
2006,0,0,1,0
2007,0,0,1,0
2008,0,0,1,0
2009,0,0,1,0
2010,0,0,1,0
2011,0,0,1,0
2012,0,0,1,0
2013,0,0,1,0
2014,0,0,1,0
2015,0,0,1,0
2016,0,0,1,0
2017,0,0,1,0
2018,0,0,1,0
2019,0,0,1,0
2020,0,0,1,0
2021,0,0,1,0
2022,0,0,1,0
2023,0,0,1,0
2024,0,0,1,0
2025,0,0,1,0
2026,0,0,1,0
2027,0,0,1,0
2028,0,0,1,0
2029,0,0,1,0
2030,0,0,1,0
2031,0,0,1,0
2032,0,0,1,0
2033,0,0,1,0
2034,0,0,1,0
2035,0,0,1,0
2036,0,0,1,0
2037,0,0,1,0
2038,0,0,1,0
2039,0,0,1,0
2040,0,0,1,0
2041,0,0,1,0
2042,0,0,1,0
2043,0,0,1,0
2044,0,0,1,0
2045,0,0,1,0
2046,0,0,1,0
2047,0,0,1,0
2048,0,0,1,0
2049,0,0,1,0
2050,0,0,1,0
2051,0,0,1,0
2052,0,0,1,0
2053,0,0,1,0
2054,0,0,1,0
2055,0,0,1,0
2056,0,0,1,0
2057,0,0,1,0
2058,0,0,1,0
2059,0,0,1,0
2060,0,0,1,0
2061,0,0,1,0
2062,0,0,1,0
2063,0,0,1,0
2064,0,0,1,0
2065,0,0,1,0
2066,0,0,1,0
2067,0,0,1,0
2068,0,0,1,0
2069,76,0,1,0
2070,0,0,1,14
2071,0,20,2,13
2072,0,25,2,2
2073,0,29,1,1
2074,0,24,1,0
2075,0,3,1,0
2076,0,0,1,0
2077,0,0,1,0
2078,0,0,1,0
2079,0,0,1,0
2080,10,0,1,0
2081,30,0,1,0
2082,16,0,1,0
2083,48,0,1,0
2084,60,0,1,0
2085,69,0,1,0
2086,161,0,1,0
2087,46,0,1,0
2088,44,0,1,0
2089,0,0,1,0
2090,0,1,1,0
2091,0,25,1,1
2092,0,33,1,0
2093,0,39,1,0
2094,0,49,1,0
2095,0,44,1,0
2096,0,50,1,0
2097,0,46,1,2
2098,0,49,1,14
2099,0,58,1,1
2100,0,54,1,0
2101,0,51,1,0
2102,0,46,1,0
2103,0,75,1,1
2104,0,65,1,0
2105,0,4,1,0
2106,0,0,1,0
2107,0,0,1,5
2108,0,0,1,14
2109,19,19,1,1
2110,50,46,1,0
2111,95,19,1,0
2112,0,11,1,0
2113,0,38,1,0
2114,0,32,1,0
2115,41,5,1,8
2116,182,21,1,6
2117,107,47,1,4
2118,97,35,1,0
2119,81,11,1,0
2120,0,0,1,0
2121,0,0,1,0
2122,0,0,1,0
2123,0,0,1,0
2124,0,0,1,0
2125,0,0,1,0
2126,0,0,1,0
2127,0,0,1,0
2128,0,0,1,0
2129,0,0,1,0
2130,0,0,1,0
2131,0,0,1,0
2132,0,0,1,0
2133,0,0,1,0
2134,0,0,1,0
2135,0,0,1,0
2136,0,0,1,0
2137,0,0,1,0
2138,0,0,1,0
2139,0,0,1,0
2140,0,0,1,0
2141,0,0,1,0
2142,0,0,1,0
2143,0,0,1,0
2144,0,0,1,0
2145,29,0,1,0
2146,73,2,1,4
2147,42,10,1,5
2148,58,1,2,9
2149,52,0,1,2
2150,0,0,1,0
2151,0,0,1,0
2152,0,0,1,0
2153,0,0,1,0
2154,0,0,1,0
2155,0,0,1,0
2156,0,0,1,0
2157,0,0,1,0
2158,0,0,1,0
2159,0,0,1,0
2160,0,0,1,0
2161,36,8,1,0
2162,114,2,1,0
2163,0,0,1,0
2164,0,0,1,0
2165,0,0,1,0
2166,0,0,1,0
2167,0,0,1,0
2168,0,0,1,0
2169,0,0,1,0
2170,0,0,1,0
2171,0,0,1,0
2172,0,0,1,0
2173,0,0,1,0
2174,0,0,1,0
2175,1,0,1,0
2176,14,0,1,0
2177,83,0,1,0
2178,0,0,1,0
2179,0,0,1,0
2180,0,0,1,0
2181,0,0,1,11
2182,9,4,1,63
2183,44,0,1,0
2184,95,0,1,1
2185,74,0,1,5
2186,77,0,1,1
2187,84,0,2,9
2188,0,0,1,0
2189,0,1,1,2
2190,76,21,1,2
2191,130,2,0,1
2192,62,24,1,3
2193,95,32,3,0
2194,43,20,2,0
2195,12,32,1,0
2196,0,64,1,0
2197,0,70,5,0
2198,0,79,8,0
2199,0,83,9,0
2200,0,16,1,0
2201,0,11,3,0
2202,0,14,3,2
2203,0,14,3,0
2204,0,21,4,0
2205,0,35,3,0
2206,0,38,3,0
2207,0,42,3,0
2208,0,43,3,0
2209,0,35,3,0
2210,0,31,3,0
2211,0,27,3,0
2212,0,15,2,0
2213,88,16,1,0
2214,121,10,3,0
2215,4,15,1,0
2216,0,34,1,0
2217,3,31,1,0
2218,82,12,1,1
2219,81,9,1,0
2220,95,11,1,0
2221,253,0,1,0
2222,270,0,1,0
2223,3,0,1,0
2224,0,0,1,0
2225,0,0,1,0
2226,0,0,1,0
2227,0,0,1,0
2228,0,0,0,0
2229,21,13,1,0
2230,160,52,4,0
2231,182,27,16,0
2232,0,0,1,0
2233,0,0,1,0
2234,0,0,1,0
2235,0,0,1,0
2236,2,0,1,0
2237,14,0,2,0
2238,48,0,3,0
2239,0,0,3,0
2240,0,0,5,0
2241,0,0,1,0
2242,62,0,1,0
2243,0,0,1,0
2244,0,0,1,0
2245,0,0,1,0
2246,0,0,1,0
2247,0,0,1,0
2248,0,0,1,0
2249,69,0,1,0
2250,43,0,1,0
2251,129,0,1,0
2252,89,0,1,0
2253,3,0,1,0
2254,0,0,1,0
2255,0,0,1,0
2256,69,7,1,3
2257,205,10,1,11
2258,2,0,1,0
2259,0,0,1,0
2260,0,0,1,0
2261,11,9,1,0
2262,136,9,1,0
2263,0,0,1,0
2264,0,0,1,0
2265,0,0,1,0
2266,0,0,1,0
2267,0,0,1,0
2268,0,0,1,0
2269,0,0,1,0
2270,0,0,1,0
2271,0,0,1,0
2272,0,0,1,0
2273,0,0,1,0
2274,0,0,1,0
2275,0,0,1,0
2276,0,0,1,0
2277,0,0,1,0
2278,0,0,0,0
2279,0,0,0,0
2280,0,0,0,0
2281,0,0,0,0
2282,0,0,1,0
2283,0,0,0,0
2284,0,0,1,0
2285,0,0,1,0
2286,0,0,1,0
2287,0,0,1,0
2288,0,0,1,0
2289,0,0,1,0
2290,0,0,1,0
2291,0,0,1,0
2292,0,0,1,0
2293,0,0,1,0
2294,0,0,1,0
2295,0,0,1,0
2296,0,0,1,0
2297,0,0,1,0
2298,0,0,1,0
2299,0,0,1,0
2300,0,0,1,0
2301,0,0,1,0
2302,0,0,1,0
2303,0,0,1,0
2304,0,0,1,0
2305,0,0,1,0
2306,0,0,1,0
2307,0,0,1,0
2308,0,0,1,0
2309,0,0,1,0
2310,0,0,1,0
2311,0,0,1,0
2312,0,0,1,0
2313,0,0,1,0
2314,0,0,1,0
2315,0,0,1,0
2316,0,0,1,0
2317,0,0,1,0
2318,0,0,1,0
2319,0,0,1,0
2320,0,0,1,0
2321,0,0,1,0
2322,0,0,1,0
2323,0,0,1,0
2324,0,0,1,0
2325,0,0,1,0
2326,0,0,1,0
2327,0,0,1,0
2328,0,0,1,0
2329,0,0,1,0
2330,0,0,1,0
2331,0,0,1,0
2332,0,0,1,0
2333,14,0,1,0
2334,39,0,1,1
2335,12,0,1,0
2336,74,0,1,0
2337,0,0,1,0
2338,0,0,1,0
2339,80,0,1,0
2340,50,0,1,0
2341,17,0,1,0
2342,0,0,1,0
2343,0,0,1,0
2344,13,0,1,0
2345,2,0,1,0
2346,0,0,1,0
2347,55,2,0,0
2348,44,7,0,0
2349,41,7,0,1
2350,39,5,0,0
2351,28,0,0,0
2352,38,0,1,0
2353,40,0,0,0
2354,33,0,1,0
2355,37,0,1,0
2356,37,0,1,0
2357,32,0,1,0
2358,91,2,0,0
2359,218,0,0,0
2360,163,2,0,0
2361,7,0,0,0
2362,0,0,0,0
2363,0,0,1,0
2364,0,0,1,0
2365,0,0,1,0
2366,0,0,1,0
2367,0,0,1,0
2368,0,0,1,0
2369,14,0,1,0
2370,42,0,1,0
2371,0,0,1,4
2372,0,0,1,13
2373,0,0,1,7
2374,28,0,1,0
2375,92,0,1,0
2376,7,0,1,0
2377,0,24,3,3
2378,0,68,3,0
2379,0,85,8,1
2380,0,87,4,0
2381,0,64,3,0
2382,0,13,1,1
2383,0,24,1,0
2384,0,34,1,0
2385,0,36,1,0
2386,0,38,1,0
2387,0,40,1,0
2388,0,41,1,0
2389,0,41,1,0
2390,0,36,1,0
2391,0,42,1,0
2392,0,46,1,0
2393,0,48,1,0
2394,0,49,1,0
2395,0,50,1,0
2396,0,52,1,0
2397,0,50,1,0
2398,0,23,1,0
2399,0,0,1,0
2400,0,0,1,0
2401,0,0,1,0
2402,0,0,1,0
2403,0,0,1,0
2404,0,0,1,0
2405,0,0,1,0
2406,0,0,1,0
2407,0,0,1,0
2408,0,0,1,0
2409,0,0,1,0
2410,0,0,1,0
2411,0,0,1,0
2412,0,0,1,0
2413,0,0,1,0
2414,0,2,2,1
2415,0,16,21,3
2416,0,0,7,0
2417,0,0,2,0
2418,0,2,2,0
2419,0,36,1,0
2420,0,52,1,0
2421,0,49,1,0
2422,0,23,1,0
2423,0,0,1,0
2424,0,0,1,0
2425,0,0,1,0
2426,0,0,1,0
2427,0,0,1,0
2428,0,0,1,0
2429,0,0,1,0
2430,0,0,1,0
2431,0,0,1,0
2432,0,0,1,0
2433,0,0,2,0
2434,0,0,2,0
2435,0,0,2,0
2436,0,0,3,0
2437,0,0,5,0
2438,0,0,3,0
2439,0,0,2,0
2440,0,0,1,0
2441,14,7,1,0
2442,29,1,1,1
2443,55,0,1,4
2444,1,0,1,10
2445,0,0,1,0
2446,112,13,1,11
2447,17,51,1,20
2448,3,69,1,15
2449,21,69,1,25
2450,14,86,1,27
2451,10,95,1,22
2452,7,99,1,20
2453,1,33,1,4
2454,0,0,1,0
2455,0,0,1,0
2456,4,0,1,0
2457,74,0,1,0
2458,116,0,1,0
2459,105,0,1,0
2460,163,0,1,0
2461,167,0,1,0
2462,186,0,1,0
2463,208,0,1,0
2464,225,0,1,0
2465,76,0,1,0
2466,5,0,1,0
2467,135,0,2,0
2468,98,0,1,0
2469,44,0,1,0
2470,0,0,1,0
2471,0,0,1,0
2472,0,0,1,0
2473,0,0,1,0
2474,0,0,1,0
2475,0,0,1,0
2476,0,0,1,0
2477,0,0,1,0
2478,0,0,1,0
2479,0,0,1,0
2480,0,0,1,0
2481,0,0,1,0
2482,0,0,0,0
2483,0,0,0,0
2484,0,0,1,0
2485,0,0,1,0
2486,0,0,1,0
2487,0,0,1,0
2488,0,0,1,0
2489,0,0,1,0
2490,0,0,1,0
2491,0,0,1,0
2492,0,0,1,0
2493,0,0,1,0
2494,0,0,1,0
2495,0,0,1,0
2496,0,0,1,0
2497,0,0,1,0
2498,0,0,1,0
2499,8,0,1,0
2500,114,0,1,0
2501,108,0,1,2
2502,56,0,1,0
2503,0,0,1,0
2504,0,0,1,0
2505,0,0,1,0
2506,0,0,1,0
2507,0,0,1,0
2508,0,0,1,0
2509,0,0,1,0
2510,0,0,1,0
2511,0,0,1,0
2512,0,0,1,0
2513,0,0,1,0
2514,0,0,1,0
2515,0,0,1,0
2516,0,0,1,0
2517,0,0,1,0
2518,0,0,1,0
2519,0,0,1,0
2520,0,0,1,0
2521,0,0,1,0
2522,0,0,1,0
2523,0,0,1,0
2524,0,0,1,0
2525,0,0,1,0
2526,0,0,1,0
2527,0,0,1,0
2528,0,0,1,0
2529,0,0,1,0
2530,0,0,1,0
2531,0,0,1,0
2532,0,0,1,0
2533,0,0,1,0
2534,0,0,1,0
2535,0,0,1,0
2536,0,0,1,0
2537,0,0,1,0
2538,0,0,1,0
2539,0,0,1,0
2540,0,0,1,0
2541,0,0,1,0
2542,0,0,1,0
2543,0,0,1,0
2544,0,0,1,0
2545,0,0,1,0
2546,0,0,1,0
2547,0,0,1,0
2548,0,0,1,0
2549,0,0,1,0
2550,0,0,1,0
2551,0,0,1,0
2552,0,0,1,0
2553,0,0,1,0
2554,0,0,1,0
2555,0,0,1,0
2556,0,0,1,0
2557,0,0,1,0
2558,0,0,1,0
2559,0,0,1,0
2560,0,0,1,0
2561,0,0,1,0
2562,0,0,1,0
2563,0,0,1,0
2564,0,0,1,0
2565,0,0,1,0
2566,0,0,1,0
2567,0,0,1,0
2568,0,0,1,0
2569,0,0,1,0
2570,0,0,1,0
2571,0,0,1,0
2572,0,0,1,0
2573,0,0,1,0
2574,0,0,1,0
2575,0,0,1,0
2576,0,0,1,0
2577,0,0,1,0
2578,0,0,1,0
2579,0,0,1,0
2580,0,0,1,0
2581,0,0,1,0
2582,0,0,1,0
2583,0,0,1,0
2584,0,0,1,0
2585,0,0,1,0
2586,0,0,1,0
2587,0,0,1,0
2588,0,0,1,0
2589,0,0,1,0
2590,0,0,1,0
2591,0,0,1,0
2592,0,0,1,0
2593,0,0,1,0
2594,0,0,1,0
2595,0,0,1,0
2596,0,0,1,0
2597,0,0,1,0
2598,0,0,1,0
2599,0,0,1,0
2600,0,0,1,0
2601,0,0,1,0
2602,0,0,1,0
2603,0,0,1,0
2604,0,0,1,0
2605,0,0,1,0
2606,0,0,1,0
2607,0,0,0,0
2608,0,0,1,0
2609,0,0,1,0
2610,0,0,0,0
2611,0,0,0,0
2612,0,0,0,0
2613,0,0,0,0
2614,0,0,0,0
2615,0,0,0,0
2616,0,0,0,0
2617,0,0,0,0
2618,0,0,0,0
2619,0,0,0,0
2620,0,0,0,0
2621,0,0,0,0
2622,0,0,0,0
2623,0,0,0,0
2624,0,0,0,0
2625,0,0,0,0
2626,0,0,0,0
2627,0,0,0,0
2628,0,0,0,0
2629,0,0,0,0
2630,0,0,0,0
2631,0,0,0,0
2632,0,0,0,0
2633,0,0,0,0
2634,0,0,0,0
2635,0,0,0,0
2636,0,0,0,0
2637,0,0,0,0
2638,0,0,0,0
2639,0,0,0,0
2640,0,0,0,0
2641,0,0,0,0
2642,0,0,0,0
2643,0,0,0,0
2644,0,0,0,0
2645,0,0,0,0
2646,0,0,0,0
2647,0,0,0,0
2648,0,0,0,0
2649,0,0,0,0
2650,0,0,0,0
2651,0,0,0,0
2652,0,0,0,0
2653,0,0,0,0
2654,0,0,0,0
2655,0,0,0,0
2656,0,0,0,0
2657,0,0,0,0
2658,0,0,0,0
2659,0,0,0,0
2660,0,0,0,0
2661,0,0,0,0
2662,0,0,0,0
2663,0,0,0,0
2664,24,0,1,0
2665,50,0,1,0
2666,0,0,1,0
2667,0,0,1,0
2668,0,0,1,0
2669,0,0,1,0
2670,120,0,0,0
2671,81,0,1,1
2672,0,0,1,0
2673,0,0,1,0
2674,0,0,0,0
2675,0,0,0,0
2676,0,0,0,0
2677,0,0,0,0
2678,133,9,0,0
2679,115,8,0,0
2680,0,0,0,0
2681,1,0,0,0
2682,134,0,0,0
2683,0,0,0,0
2684,0,0,0,0
2685,0,0,0,0
2686,0,0,0,0
2687,0,0,0,0
2688,0,0,0,0
2689,0,0,0,0
2690,0,0,0,0
2691,0,0,0,0
2692,0,0,0,0
2693,0,0,0,0
2694,0,0,0,0
2695,0,0,0,0
2696,0,0,0,0
2697,0,0,0,0
2698,0,0,0,0
2699,0,0,0,0
2700,0,0,0,0
2701,0,0,0,0
2702,0,0,0,0
2703,0,0,0,0
2704,0,0,0,0
2705,0,0,0,0
2706,0,0,0,0
2707,0,0,0,0
2708,0,0,0,0
2709,0,0,0,0
2710,0,0,0,0
2711,0,0,0,0
2712,0,0,0,0
2713,0,0,0,0
2714,0,0,0,0
2715,0,0,0,0
2716,0,0,0,0
2717,0,0,1,0
2718,0,8,2,0
2719,0,4,1,0
2720,21,1,1,0
2721,25,0,1,0
2722,0,0,1,0
2723,0,0,1,0
2724,0,0,1,0
2725,3,0,1,0
2726,60,0,1,0
2727,5,9,1,0
2728,0,62,1,0
2729,0,30,1,1
2730,0,67,1,1
2731,0,23,1,0
2732,0,16,1,0
2733,0,34,2,0
2734,49,34,45,0
2735,0,0,1,0
2736,0,0,1,0
2737,0,0,1,0
2738,0,0,1,0
2739,0,0,1,0
2740,0,0,1,0
2741,0,0,1,0
2742,0,0,1,0
2743,0,0,1,0
2744,0,0,1,0
2745,0,0,1,0
2746,0,0,1,0
2747,0,0,1,0
2748,0,0,1,0
2749,0,0,1,0
2750,0,0,1,0
2751,0,0,1,0
2752,0,0,1,0
2753,0,0,1,0
2754,0,0,1,0
2755,0,0,1,0
2756,0,0,1,0
2757,0,0,1,0
2758,49,0,1,24
2759,43,0,1,2
2760,0,0,1,0
2761,0,0,1,0
2762,0,0,1,0
2763,0,0,1,0
2764,0,0,1,0
2765,0,0,1,0
2766,0,0,1,0
2767,0,0,1,0
2768,0,0,1,0
2769,0,0,1,0
2770,0,0,1,0
2771,0,0,1,0
2772,0,0,1,0
2773,0,0,1,0
2774,0,0,1,0
2775,0,0,1,0
2776,0,0,1,0
2777,0,0,1,0
2778,0,0,1,0
2779,0,0,0,0
2780,0,0,1,0
2781,0,0,1,0
2782,0,0,1,0
2783,0,0,1,0
2784,0,0,1,0
2785,0,0,1,0
2786,0,0,1,0
2787,0,0,1,0
2788,0,0,1,0
2789,0,0,1,0
2790,0,0,1,0
2791,0,0,1,0
2792,0,0,1,0
2793,0,0,1,0
2794,0,0,0,0
2795,0,0,0,0
2796,0,0,0,0
2797,0,0,0,0
2798,0,0,0,0
2799,0,0,0,0
2800,0,0,0,0
2801,0,0,0,0
2802,0,0,0,0
2803,0,0,0,0
2804,0,0,0,0
2805,0,0,0,0
2806,0,0,0,0
2807,0,0,0,0
2808,0,0,0,0
2809,0,0,0,0
2810,0,0,0,0
2811,0,0,0,0
2812,0,0,0,0
2813,0,0,0,0
2814,0,0,0,0
2815,0,0,0,0
2816,0,0,0,0
2817,0,0,0,0
2818,0,0,0,0
2819,0,0,0,0
2820,0,0,0,0
2821,0,0,0,0
2822,0,0,0,0
2823,0,0,0,0
2824,0,0,0,0
2825,0,0,0,0
2826,0,0,0,0
2827,0,0,0,0
2828,0,0,0,0
2829,0,0,0,0
2830,0,0,0,0
2831,0,0,0,0
2832,0,0,0,0
2833,0,0,0,0
2834,0,0,0,0
2835,0,0,0,0
2836,0,0,0,0
2837,0,0,0,0
2838,0,0,0,0
2839,0,0,0,0
2840,0,0,0,0
2841,0,0,0,0
2842,0,0,0,0
2843,0,0,0,0
2844,0,0,0,0
2845,0,0,0,0
2846,0,0,0,0
2847,0,0,0,0
2848,0,0,0,0
2849,0,0,0,0
2850,0,0,0,0
2851,0,0,0,0
2852,0,0,0,0
2853,0,0,0,0
2854,0,0,0,0
2855,0,0,0,0
2856,0,0,0,0
2857,0,0,0,0
2858,0,0,0,0
2859,0,0,0,0
2860,0,0,0,0
2861,0,0,0,0
2862,0,0,0,0
2863,0,0,0,0
2864,0,0,0,0
2865,0,0,0,0
2866,0,0,0,0
2867,0,0,0,0
2868,0,0,0,0
2869,0,0,0,0
2870,0,0,0,0
2871,0,0,0,0
2872,0,0,0,0
2873,0,0,0,0
2874,0,0,0,0
2875,0,0,0,0
2876,0,0,0,0
2877,0,0,0,0
2878,0,0,0,0
2879,0,0,0,0
2880,0,0,0,0
2881,0,0,0,0
2882,0,0,0,0
2883,0,0,0,0
2884,0,0,0,0
2885,0,0,0,0
2886,0,0,0,0
2887,0,0,0,0
2888,0,0,0,0
2889,0,0,0,0
2890,0,0,0,0
2891,0,0,0,0
2892,0,0,0,0
2893,0,0,0,0
2894,0,0,0,0
2895,98,0,3,0
2896,31,0,28,0
2897,41,0,34,3
2898,23,0,14,1
2899,28,0,1,0
2900,20,0,1,0
2901,18,0,1,0
2902,2,0,1,0
2903,0,0,1,0
2904,0,0,1,0
2905,0,0,1,0
2906,0,0,1,0
2907,0,0,1,0
2908,0,0,1,0
2909,0,0,1,0
2910,0,0,1,0
2911,0,0,1,0
2912,0,0,1,0
2913,0,0,1,0
2914,0,0,1,0
2915,0,0,1,0
2916,0,0,1,0
2917,0,0,0,0
2918,0,0,0,0
2919,1,0,0,0
2920,2,0,1,37
2921,55,0,2,9
2922,32,33,1,2
2923,23,45,2,0
2924,200,34,5,0
2925,6,16,1,0
2926,0,0,1,0
2927,0,0,1,0
2928,0,0,1,0
2929,0,0,1,0
2930,0,0,1,0
2931,0,0,1,0
2932,0,0,1,0
2933,0,0,1,0
2934,0,0,1,0
2935,0,0,1,0
2936,0,0,1,0
2937,0,0,1,0
2938,0,0,1,0
2939,0,0,1,0
2940,0,0,1,0
2941,0,0,1,0
2942,0,0,1,0
2943,0,0,1,0
2944,0,0,1,0
2945,0,0,1,0
2946,0,0,1,0
2947,0,0,1,0
2948,0,0,1,0
2949,0,0,1,0
2950,0,0,1,0
2951,0,0,1,0
2952,0,0,1,0
2953,0,0,1,0
2954,0,0,1,0
2955,0,0,1,0
2956,0,0,1,0
2957,0,0,1,0
2958,0,0,1,0
2959,0,0,1,0
2960,0,0,0,0
2961,0,0,0,0
2962,0,0,0,0
2963,0,0,0,0
2964,0,0,0,0
2965,0,0,0,0
2966,0,0,0,0
2967,0,0,0,0
2968,0,0,0,0
2969,0,0,0,0
2970,0,0,0,0
2971,0,0,0,0
2972,0,0,0,0
2973,0,0,0,0
2974,0,0,0,0
2975,0,0,0,0
2976,0,0,0,0
2977,0,0,0,0
2978,0,0,0,0
2979,0,0,0,0
2980,0,0,0,0
2981,0,0,0,0
2982,0,0,0,0
2983,0,0,0,0
2984,0,0,0,0
2985,0,0,0,0
2986,0,0,0,0
2987,0,0,0,0
2988,0,0,0,0
2989,0,0,0,0
2990,0,0,0,0
2991,0,0,0,0
2992,0,0,0,0
2993,0,0,0,0
2994,0,0,0,0
2995,0,0,0,0
2996,0,0,0,0
2997,0,0,0,0
2998,0,0,0,0
2999,0,0,0,0
3000,0,0,0,0
3001,0,0,0,0
3002,0,0,0,0
3003,0,0,0,0
3004,0,0,0,0
3005,0,0,0,0
3006,0,0,0,0
3007,0,0,0,0
3008,0,0,0,0
3009,0,0,0,0
3010,0,0,0,0
3011,0,0,0,0
3012,0,0,0,0
3013,0,0,0,0
3014,0,0,0,0
3015,0,0,0,0
3016,0,0,0,0
3017,0,0,0,0
3018,0,0,0,0
3019,22,0,0,0
3020,87,0,1,0
3021,58,0,1,0
3022,0,0,0,0
3023,0,0,0,0
3024,0,0,0,0
3025,0,0,0,0
3026,0,0,0,0
3027,0,0,0,0
3028,0,0,0,0
3029,0,0,0,0
3030,0,0,0,0
3031,17,0,0,0
3032,159,0,1,5
3033,43,0,1,0
3034,0,0,1,0
3035,107,3,1,0
3036,26,0,1,0
3037,0,0,1,0
3038,0,0,1,0
3039,0,0,1,0
3040,0,0,1,0
3041,0,0,1,0
3042,0,0,1,0
3043,0,0,1,0
3044,0,0,1,0
3045,0,0,1,0
3046,0,0,1,0
3047,0,0,1,0
3048,0,0,1,0
3049,0,0,1,0
3050,0,0,1,0
3051,0,0,0,0
3052,0,0,0,0
3053,0,0,0,0
3054,0,0,0,0
3055,0,0,0,0
3056,38,4,0,0
3057,92,1,0,0
3058,0,0,0,0
3059,0,0,0,0
3060,0,0,0,0
3061,0,0,0,0
3062,0,0,0,0
3063,0,0,0,0
3064,0,0,0,0
3065,0,0,0,0
3066,0,0,0,0
3067,0,0,0,0
3068,0,0,0,0
3069,0,0,0,0
3070,0,0,0,0
3071,0,0,0,0
3072,0,0,0,0
3073,0,0,0,0
3074,0,0,0,0
3075,0,0,0,0
3076,0,0,0,0
3077,0,0,0,0
3078,0,0,0,0
3079,0,0,0,0
3080,0,0,0,0
3081,0,0,0,0
3082,0,0,0,0
3083,0,0,0,0
3084,0,0,0,0
3085,0,0,0,0
3086,0,0,0,0
3087,0,0,0,0
3088,0,0,0,0
3089,0,0,0,0
3090,0,0,0,0
3091,0,0,0,0
3092,0,0,0,0
3093,0,0,0,0
3094,0,0,0,0
3095,0,0,0,0
3096,0,0,0,0
3097,0,0,0,0
3098,0,0,0,0
3099,0,0,0,0
3100,0,0,0,0
3101,0,0,0,0
3102,0,0,0,0
3103,0,0,0,0
3104,0,0,0,0
3105,0,0,0,0
3106,0,0,0,0
3107,0,0,0,0
3108,0,0,0,0
3109,0,0,0,0
3110,0,0,0,0
3111,0,0,0,0
3112,0,0,0,0
3113,0,0,0,0
3114,0,0,0,0
3115,0,0,0,0
3116,0,0,0,0
3117,0,0,0,0
3118,0,0,0,0
3119,0,0,0,0
3120,0,0,0,0
3121,0,0,0,0
3122,0,0,0,0
3123,0,0,0,0
3124,0,0,0,0
3125,0,0,0,0
3126,0,0,0,0
3127,0,0,0,0
3128,0,0,0,0
3129,0,0,0,0
3130,0,0,0,0
3131,0,0,0,0
3132,0,0,0,0
3133,0,0,0,0
3134,0,0,0,0
3135,0,0,0,0
3136,0,0,0,0
3137,0,0,0,0
3138,0,0,0,0
3139,0,0,0,0
3140,0,0,0,0
3141,0,0,0,0
3142,0,0,0,0
3143,0,0,0,0
3144,0,0,0,0
3145,0,0,0,0
3146,0,0,0,0
3147,0,0,0,0
3148,0,0,0,0
3149,0,0,0,0
3150,0,0,0,0
3151,0,0,0,0
3152,0,0,0,0
3153,0,0,0,0
3154,0,0,0,0
3155,0,0,0,0
3156,0,0,0,0
3157,0,0,0,0
3158,0,0,0,0
3159,0,0,0,0
3160,0,0,0,0
3161,0,0,0,0
3162,0,0,2,0
3163,5,2,3,0
3164,36,0,8,0
3165,0,0,1,0
3166,0,0,1,0
3167,0,0,1,0
3168,43,0,2,0
3169,41,0,4,0
3170,37,0,2,0
3171,0,0,1,0
3172,0,0,1,0
3173,0,0,1,0
3174,0,0,1,0
3175,0,0,1,0
3176,0,0,1,0
3177,0,0,1,0
3178,0,0,1,0
3179,7,8,19,0
3180,32,13,19,0
3181,0,2,3,0
3182,0,0,1,0
3183,0,0,1,0
3184,0,0,1,0
3185,0,7,1,0
3186,0,25,1,0
3187,0,0,1,0
3188,0,0,1,0
3189,0,0,1,0
3190,0,0,1,0
3191,0,0,1,0
3192,0,0,1,0
3193,0,0,1,0
3194,0,0,1,0
3195,0,0,1,0
3196,0,0,1,0
3197,0,0,1,0
3198,0,0,1,0
3199,0,0,1,0
3200,0,0,1,0
3201,0,0,1,1
3202,0,0,1,0
3203,0,0,0,0
3204,0,0,0,0
3205,0,0,0,0
3206,67,1,0,5
3207,0,0,1,0
3208,0,0,1,0
3209,0,0,1,0
3210,0,0,1,0
3211,0,0,1,0
3212,0,0,1,0
3213,0,0,1,0
3214,0,0,1,0
3215,0,0,0,0
3216,0,0,0,0
3217,0,0,0,0
3218,0,0,0,0
3219,0,0,0,0
3220,0,0,0,0
3221,0,0,0,0
3222,0,0,0,0
3223,0,0,0,0
3224,0,0,0,0
3225,0,0,0,0
3226,0,0,0,0
3227,0,0,0,0
3228,0,0,0,0
3229,0,0,0,0
3230,0,0,0,0
3231,0,0,0,0
3232,0,0,0,0
3233,0,0,0,0
3234,0,0,0,0
3235,0,0,0,0
3236,0,0,0,0
3237,0,0,0,0
3238,0,0,0,0
3239,0,0,0,0
3240,0,0,0,0
3241,0,0,0,0
3242,0,0,0,0
3243,0,0,0,0
3244,0,0,0,0
3245,0,0,0,0
3246,0,0,0,0
3247,0,0,0,0
3248,0,0,0,0
3249,0,0,0,0
3250,0,0,0,0
3251,0,0,0,0
3252,51,0,2,0
3253,6,1,1,0
3254,14,4,1,0
3255,39,10,1,0
3256,2,0,1,0
3257,0,0,1,0
3258,0,1,1,1
3259,4,24,1,20
3260,28,56,1,28
3261,36,66,1,27
3262,45,74,1,24
3263,24,58,1,26
3264,1,30,0,24
3265,6,4,0,5
3266,150,1,0,6
3267,192,1,0,6
3268,5,0,0,6
3269,0,0,0,2
3270,0,0,0,0
3271,0,0,0,0
3272,0,0,0,0
3273,0,0,0,0
3274,0,0,0,0
3275,0,0,0,0
3276,0,0,0,0
3277,0,0,0,0
3278,0,0,0,0
3279,0,0,0,0
3280,0,0,0,0
3281,0,0,0,0
3282,0,0,0,0
3283,0,0,0,0
3284,0,0,0,0
3285,0,0,0,0
3286,0,0,0,0
3287,0,0,0,0
3288,0,0,0,0
3289,0,0,0,0
3290,0,0,0,0
3291,0,0,0,0
3292,0,0,0,0
3293,0,0,0,0
3294,0,0,0,0
3295,0,0,0,0
3296,0,0,0,0
3297,0,0,0,0
3298,0,0,0,0
3299,0,0,0,0
3300,0,0,0,0
3301,0,0,0,0
3302,0,0,0,0
3303,0,0,0,0
3304,0,0,0,0
3305,0,0,0,0
3306,0,0,0,0
3307,0,0,0,0
3308,0,0,0,0
3309,0,0,0,0
3310,0,0,0,0
3311,0,0,0,0
3312,0,0,0,0
3313,0,0,0,0
3314,0,0,0,0
3315,0,0,0,0
3316,0,0,0,0
3317,0,0,0,0
3318,0,0,0,0
3319,0,0,0,0
3320,0,0,0,0
3321,0,0,0,0
3322,0,0,0,0
3323,0,0,0,0
3324,0,0,0,0
3325,0,0,0,0
3326,0,0,0,0
3327,0,0,0,0
3328,0,0,0,0
3329,0,0,0,0
3330,0,0,0,0
3331,0,0,0,0
3332,0,0,0,0
3333,0,0,0,0
3334,0,0,0,0
3335,0,0,0,0
3336,0,0,0,0
3337,0,0,0,0
3338,0,0,0,0
3339,0,0,0,0
3340,0,0,1,0
3341,0,0,1,0
3342,0,0,1,0
3343,4,0,2,0
3344,1,0,1,0
3345,0,0,1,0
3346,0,0,1,0
3347,0,0,1,0
3348,0,0,1,0
3349,0,0,1,0
3350,0,0,0,0
3351,0,0,0,0
3352,0,0,0,0
3353,0,0,0,0
3354,0,0,0,0
3355,0,0,0,0
3356,0,0,0,0
3357,0,0,0,0
3358,0,0,0,0
3359,0,0,0,0
3360,0,0,0,0
3361,0,0,0,0
3362,0,0,0,0
3363,0,0,0,0
3364,0,0,0,0
3365,0,0,0,0
3366,0,0,0,0
3367,0,0,0,0
3368,0,0,0,0
3369,0,0,0,0
3370,0,0,0,0
3371,0,0,0,0
3372,0,0,0,0
3373,0,0,0,0
3374,0,0,0,0
3375,0,0,0,0
3376,0,0,0,0
3377,0,0,0,0
3378,0,0,0,0
3379,0,0,0,0
3380,0,0,0,0
3381,0,0,0,0
3382,0,0,0,0
3383,0,0,0,0
3384,0,0,1,0
3385,39,8,4,0
3386,0,0,1,0
3387,0,0,1,0
3388,0,0,1,0
3389,0,0,1,0
3390,0,0,1,0
3391,27,0,1,0
3392,0,0,1,0
3393,38,2,1,0
3394,75,0,1,29
3395,4,18,1,51
3396,86,11,0,16
3397,14,0,1,0
3398,0,0,1,0
3399,0,0,1,0
3400,0,0,1,0
3401,0,0,1,0
3402,0,0,1,0
3403,0,0,0,0
3404,0,0,0,0
3405,0,0,0,0
3406,0,0,0,0
3407,0,0,0,0
3408,0,0,0,0
3409,0,0,0,0
3410,0,0,0,0
3411,0,0,0,0
3412,0,0,0,0
3413,0,0,0,0
3414,0,0,0,0
3415,0,0,0,0
3416,0,0,0,0
3417,0,0,0,0
3418,0,0,0,0
3419,0,0,0,0
3420,0,0,0,0
3421,0,0,0,0
3422,0,0,0,0
3423,0,0,0,0
3424,0,0,0,0
3425,0,0,0,0
3426,0,0,0,0
3427,0,0,0,0
3428,0,0,0,0
3429,0,0,0,0
3430,0,0,0,0
3431,0,0,0,0
3432,0,0,0,0
3433,0,0,0,0
3434,0,0,0,0
3435,0,0,0,0
3436,0,0,0,0
3437,0,0,0,0
3438,0,0,0,0
3439,0,0,0,0
3440,0,0,0,0
3441,0,0,0,0
3442,0,0,0,0
3443,0,0,0,0
3444,0,0,0,0
3445,0,0,0,0
3446,0,0,0,0
3447,0,0,0,0
3448,0,0,0,0
3449,0,0,0,0
3450,0,0,0,0
3451,0,0,0,0
3452,0,0,0,0
3453,0,0,0,0
3454,0,0,0,0
3455,0,0,0,0
3456,0,0,0,0
3457,0,0,0,0
3458,0,0,0,0
3459,13,1,0,2
3460,105,17,1,1
3461,147,9,0,0
3462,0,3,1,0
3463,0,15,1,0
3464,46,20,1,0
3465,55,4,1,0
3466,0,0,1,0
3467,0,0,1,0
3468,0,0,1,0
3469,0,0,1,0
3470,0,0,1,0
3471,0,0,1,0
3472,0,0,1,0
3473,0,0,1,0
3474,0,0,1,0
3475,0,0,1,0
3476,0,0,1,0
3477,0,0,1,0
3478,0,0,1,0
3479,0,0,1,0
3480,0,0,1,0
3481,0,0,1,0
3482,0,0,1,0
3483,0,0,1,0
3484,0,0,1,0
3485,0,0,1,0
3486,0,0,1,0
3487,0,0,1,0
3488,0,0,1,0
3489,0,0,1,0
3490,0,0,1,0
3491,0,0,1,0
3492,0,0,1,0
3493,0,0,1,0
3494,0,0,1,0
3495,0,0,1,0
3496,0,0,1,0
3497,0,0,1,0
3498,0,0,1,0
3499,0,0,1,0
3500,0,0,1,0
3501,0,0,1,0
3502,0,0,1,0
3503,0,0,1,0
3504,0,0,1,0
3505,0,0,1,0
3506,66,14,1,3
3507,35,19,1,5
3508,0,0,1,0
3509,0,0,1,0
3510,0,0,1,0
3511,0,0,1,0
3512,0,0,1,0
3513,0,0,1,0
3514,0,0,1,0
3515,0,0,1,0
3516,0,0,1,0
3517,0,0,1,0
3518,0,0,1,0
3519,0,0,1,0
3520,0,0,1,0
3521,28,4,1,0
3522,29,19,1,0
3523,0,0,1,0
3524,0,0,1,0
3525,0,0,1,0
3526,0,0,1,0
3527,0,0,1,0
3528,0,0,1,0
3529,0,0,1,0
3530,0,0,1,0
3531,55,0,1,0
3532,20,0,1,0
3533,0,30,1,0
3534,48,24,1,0
3535,23,8,1,0
3536,47,0,1,0
3537,6,0,1,0
3538,0,0,1,0
3539,0,0,1,0
3540,0,0,1,0
3541,9,0,1,0
3542,96,21,3,0
3543,39,1,1,0
3544,0,0,1,0
3545,0,0,1,0
3546,0,0,1,0
3547,0,0,1,0
3548,0,0,1,0
3549,0,0,1,0
3550,0,0,1,0
3551,11,0,1,2
3552,126,0,1,27
3553,36,0,1,5
3554,2,0,1,0
3555,0,0,1,0
3556,0,0,1,0
3557,0,0,1,0
3558,0,0,1,0
3559,3,0,1,0
3560,0,0,1,0
3561,0,3,1,0
3562,0,0,1,0
3563,4,0,1,0
3564,6,0,1,0
3565,2,1,1,8
3566,114,2,1,12
3567,152,6,1,9
3568,157,7,1,2
3569,99,10,1,2
3570,108,16,1,0
3571,104,17,2,0
3572,60,15,1,0
3573,1,0,1,0
3574,3,0,1,0
3575,0,0,1,7
3576,0,33,1,20
3577,0,54,1,5
3578,0,55,1,8
3579,0,48,1,0
3580,0,44,1,0
3581,2,45,1,5
3582,33,62,1,0
3583,24,54,1,0
3584,41,64,1,0
3585,45,72,1,0
3586,27,65,1,0
3587,0,53,1,0
3588,0,48,1,0
3589,0,44,3,0
3590,0,47,3,0
3591,0,51,3,0
3592,0,42,2,0
3593,0,62,2,0
3594,0,63,1,0
3595,0,54,1,0
3596,1,34,3,0
3597,56,40,13,0
3598,1,2,2,0
3599,0,43,1,0
3600,0,75,3,0
3601,0,80,4,0
3602,0,73,5,0
3603,1,21,1,0
3604,67,23,1,0
3605,4,21,2,0
3606,42,15,1,0
3607,0,0,1,0
3608,0,0,1,0
3609,0,0,1,0
3610,0,0,1,0
3611,0,0,1,0
3612,0,0,1,0
3613,0,0,1,0
3614,0,0,1,0
3615,0,0,1,0
3616,0,0,1,0
3617,0,0,1,0
3618,0,0,1,0
3619,0,0,1,0
3620,0,0,1,0
3621,0,0,1,0
3622,0,0,1,0
3623,0,0,1,0
3624,0,0,1,0
3625,0,0,1,0
3626,0,0,1,0
3627,0,0,1,0
3628,0,0,1,0
3629,0,0,1,0
3630,0,0,1,0
3631,0,0,1,0
3632,0,0,1,0
3633,0,0,1,0
3634,0,0,1,0
3635,0,0,1,0
3636,0,0,1,0
3637,0,0,1,0
3638,0,0,1,0
3639,0,0,1,0
3640,0,0,1,0
3641,0,0,1,0
3642,0,0,1,0
3643,0,0,1,0
3644,0,0,1,0
3645,23,39,3,0
3646,23,18,1,0
3647,0,13,1,0
3648,0,8,1,0
3649,0,27,1,0
3650,0,29,1,0
3651,0,18,1,0
3652,2,42,1,6
3653,108,54,1,10
3654,44,49,1,0
3655,0,66,1,0
3656,0,73,1,0
3657,0,72,1,0
3658,0,72,1,0
3659,0,80,1,0
3660,0,83,1,0
3661,0,64,1,0
3662,0,59,1,0
3663,0,58,1,0
3664,50,22,1,0
3665,134,41,0,2
3666,12,13,1,0
3667,0,0,1,0
3668,0,0,1,3
3669,64,0,1,40
3670,0,0,1,0
3671,0,0,1,0
3672,0,0,1,0
3673,0,0,1,0
3674,0,0,1,0
3675,0,0,1,0
3676,0,0,1,0
3677,0,0,1,0
3678,0,0,1,0
3679,0,0,1,0
3680,0,0,1,0
3681,0,0,1,0
3682,0,0,1,0
3683,0,0,1,0
3684,0,0,0,0
3685,0,0,0,0
3686,0,0,1,0
3687,0,0,1,0
3688,0,0,1,0
3689,0,0,0,0
3690,0,0,0,0
3691,0,0,0,0
3692,0,0,1,0
3693,0,0,1,0
3694,0,0,1,0
3695,0,0,1,0
3696,0,0,1,0
3697,0,0,1,0
3698,0,0,1,0
3699,0,0,1,0
3700,0,0,1,0
3701,0,0,1,0
3702,0,0,1,0
3703,0,0,1,0
3704,0,0,1,0
3705,0,0,1,0
3706,0,0,1,0
3707,0,0,1,0
3708,0,0,1,0
3709,0,0,1,0
3710,0,0,1,0
3711,0,0,1,0
3712,0,0,1,0
3713,0,0,1,0
3714,0,0,1,0
3715,0,0,1,0
3716,0,0,1,0
3717,0,0,1,0
3718,0,0,1,0
3719,0,0,1,0
3720,0,0,1,0
3721,0,0,1,0
3722,0,0,1,0
3723,0,0,1,0
3724,0,0,1,0
3725,0,0,1,0
3726,0,0,1,0
3727,0,0,1,0
3728,0,0,1,0
3729,0,0,1,0
3730,0,0,1,0
3731,0,0,1,0
3732,0,0,1,0
3733,0,0,1,0
3734,0,0,1,0
3735,0,0,1,0
3736,0,0,1,0
3737,0,0,1,0
3738,34,0,1,5
3739,11,0,1,0
3740,0,11,1,0
3741,2,31,1,0
3742,54,49,1,0
3743,20,11,1,0
3744,1,1,1,0
3745,0,0,1,0
3746,0,0,1,0
3747,0,0,1,0
3748,0,0,1,0
3749,0,0,1,0
3750,0,0,1,0
3751,0,0,1,0
3752,0,0,1,0
3753,36,0,1,0
3754,0,0,1,0
3755,0,0,1,0
3756,0,0,1,0
3757,0,0,1,0
3758,0,0,1,0
3759,0,0,1,0
3760,0,0,1,0
3761,0,0,1,0
3762,0,0,1,0
3763,0,0,1,0
3764,0,0,1,0
3765,0,0,1,0
3766,0,0,1,0
3767,0,0,1,0
3768,0,0,1,0
3769,0,0,1,0
3770,91,0,1,0
3771,24,0,1,8
3772,30,7,2,20
3773,114,3,3,5
3774,0,0,1,0
3775,0,0,0,0
3776,0,0,1,0
3777,0,0,0,0
3778,0,0,0,0
3779,0,0,1,0
3780,0,0,1,0
3781,0,0,1,0
3782,0,0,1,0
3783,0,0,1,0
3784,0,0,1,0
3785,0,0,1,0
3786,0,0,1,0
3787,0,0,1,0
3788,0,0,1,0
3789,0,0,1,0
3790,0,0,1,0
3791,0,0,1,0
3792,0,0,1,0
3793,0,0,1,0
3794,0,0,1,0
3795,0,0,1,0
3796,0,0,1,0
3797,0,0,1,0
3798,0,0,1,0
3799,0,0,1,0
3800,0,0,1,0
3801,0,0,1,0
3802,0,0,1,0
3803,0,0,1,0
3804,0,0,1,0
3805,0,0,1,0
3806,0,0,1,0
3807,0,0,1,0
3808,0,0,1,0
3809,0,0,1,0
3810,0,0,1,0
3811,0,0,1,0
3812,0,0,1,0
3813,0,0,1,0
3814,0,0,1,0
3815,0,0,1,0
3816,0,0,1,0
3817,0,0,1,0
3818,0,0,1,0
3819,0,0,1,0
3820,0,0,1,0
3821,0,0,1,0
3822,0,0,1,0
3823,0,0,1,0
3824,0,0,1,0
3825,0,0,1,0
3826,0,0,1,0
3827,0,0,1,0
3828,0,0,1,0
3829,0,0,1,0
3830,0,0,1,0
3831,0,0,1,0
3832,0,0,0,0
3833,0,0,0,0
3834,0,0,0,0
3835,0,0,0,0
3836,0,0,0,0
3837,0,0,0,0
3838,0,0,0,0
3839,0,0,0,0
3840,0,0,0,0
3841,0,0,0,0
3842,0,0,0,0
3843,0,0,0,0
3844,0,0,0,0
3845,0,0,0,0
3846,0,0,0,0
3847,0,0,0,0
3848,0,0,0,0
3849,0,0,0,0
3850,0,0,0,0
3851,0,0,0,0
3852,0,0,0,0
3853,0,0,0,0
3854,0,0,0,0
3855,0,0,0,0
3856,0,0,0,0
3857,0,0,0,0
3858,0,0,0,0
3859,0,0,0,0
3860,0,0,0,0
3861,0,0,0,0
3862,0,0,0,0
3863,0,0,0,0
3864,0,0,0,0
3865,0,0,0,0
3866,0,0,0,0
3867,0,0,0,0
3868,0,0,0,0
3869,0,0,0,0
3870,0,0,0,0
3871,0,0,0,0
3872,0,0,0,0
3873,0,0,0,0
3874,0,0,0,0
3875,0,0,0,0
3876,0,0,0,0
3877,0,19,1,0
3878,44,19,1,0
3879,0,0,1,0
3880,0,0,1,0
3881,0,0,1,0
3882,0,0,1,0
3883,0,0,0,0
3884,0,0,0,0
3885,0,0,0,0
3886,0,0,0,0
3887,0,0,0,0
3888,25,0,1,7
3889,0,0,0,0
3890,0,0,0,0
3891,0,0,0,0
3892,0,0,0,0
3893,0,0,0,0
3894,0,0,0,0
3895,0,0,0,0
3896,0,0,0,0
3897,0,0,0,0
3898,0,0,0,0
3899,0,0,0,0
3900,0,0,0,0
3901,0,0,0,0
3902,0,0,0,0
3903,0,0,0,1
3904,46,0,1,33
3905,0,15,1,2
3906,0,3,0,1
3907,0,25,0,0
3908,0,31,0,0
3909,0,29,0,0
3910,0,33,0,0
3911,0,31,0,0
3912,0,32,0,0
3913,0,25,0,0
3914,0,25,1,0
3915,0,36,0,0
3916,0,43,0,0
3917,0,47,0,0
3918,0,47,0,0
3919,0,45,0,0
3920,0,43,0,0
3921,0,42,0,0
3922,0,20,0,0
3923,0,1,0,0
3924,0,1,0,0
3925,0,1,0,0
3926,0,0,0,0
3927,0,1,1,0
3928,0,1,1,0
3929,0,1,1,0
3930,0,1,1,0
3931,0,1,1,0
3932,0,1,1,0
3933,0,3,1,0
3934,0,4,1,0
3935,0,2,1,0
3936,0,1,1,0
3937,26,4,1,6
3938,65,4,1,0
3939,2,2,1,0
3940,0,0,1,0
3941,0,0,1,0
3942,0,0,1,0
3943,0,0,1,0
3944,0,0,1,0
3945,0,0,1,0
3946,0,0,1,0
3947,0,0,1,0
3948,0,0,0,0
3949,0,0,0,0
3950,0,0,0,0
3951,0,0,0,0
3952,0,0,0,0
3953,0,0,0,0
3954,0,0,0,0
3955,0,0,0,0
3956,0,0,0,0
3957,0,0,0,0
3958,0,0,0,0
3959,0,0,0,0
3960,0,0,0,0
3961,0,0,0,0
3962,0,0,0,0
3963,0,0,0,0
3964,0,0,0,0
3965,0,0,0,0
3966,0,0,0,0
3967,0,0,0,0
3968,0,0,0,0
3969,0,0,0,0
3970,0,0,0,0
3971,0,0,0,0
3972,0,0,0,0
3973,0,0,0,0
3974,0,0,0,0
3975,0,0,0,0
3976,0,0,0,0
3977,0,0,0,0
3978,0,0,0,0
3979,23,1,1,2
3980,6,12,1,0
3981,0,44,1,0
3982,0,47,0,0
3983,0,50,0,0
3984,0,54,0,0
3985,0,50,0,0
3986,0,41,0,0
3987,0,42,0,0
3988,0,21,0,0
3989,0,6,0,1
3990,0,31,0,0
3991,0,36,0,0
3992,0,38,0,0
3993,0,38,0,0
3994,0,41,0,0
3995,0,36,0,0
3996,0,29,0,0
3997,0,39,1,0
3998,0,35,1,0
3999,0,34,1,0
4000,0,29,1,0
4001,0,16,1,0
4002,0,0,0,0
4003,0,0,1,0
4004,18,0,1,0
4005,173,0,0,0
4006,13,0,1,0
4007,0,0,1,0
4008,0,0,1,0
4009,0,0,0,0
4010,0,0,0,0
4011,0,0,1,0
4012,0,0,1,0
4013,0,0,1,0
4014,0,0,1,0
4015,0,0,1,0
4016,0,0,1,0
4017,0,0,1,0
4018,0,0,0,0
4019,0,0,0,0
4020,0,0,0,0
4021,0,0,0,0
4022,0,0,0,0
4023,0,0,0,0
4024,0,0,0,0
4025,0,0,0,0
4026,0,0,0,0
4027,0,0,0,0
4028,0,0,0,0
4029,0,0,0,0
4030,0,0,0,0
4031,0,0,0,0
4032,0,0,0,0
4033,0,0,0,0
4034,12,5,0,0
4035,83,37,1,0
4036,44,15,1,0
4037,25,28,1,0
4038,24,10,1,0
4039,0,0,1,0
4040,0,0,1,0
4041,0,0,1,0
4042,0,0,1,0
4043,0,0,1,0
4044,0,0,1,0
4045,0,0,1,0
4046,0,0,1,0
4047,0,0,1,0
4048,0,0,1,0
4049,0,0,1,0
4050,0,0,1,0
4051,0,0,1,0
4052,0,0,0,0
4053,0,0,0,0
4054,0,0,0,0
4055,0,0,0,0
4056,0,0,0,0
4057,0,0,0,0
4058,0,0,0,0
4059,0,0,0,0
4060,0,0,0,0
4061,0,0,0,0
4062,0,0,0,0
4063,0,0,0,0
4064,0,0,0,0
4065,0,0,0,0
4066,0,0,0,0
4067,0,0,0,0
4068,0,0,0,0
4069,0,0,0,0
4070,0,0,0,0
4071,0,0,0,0
4072,0,0,0,0
4073,0,0,0,0
4074,0,0,0,0
4075,0,0,0,0
4076,0,0,0,0
4077,0,0,0,0
4078,0,0,0,0
4079,0,0,0,0
4080,0,0,0,0
4081,0,0,0,0
4082,0,0,0,0
4083,0,0,0,0
4084,0,0,0,0
4085,0,0,0,0
4086,0,0,0,0
4087,0,0,0,0
4088,0,0,0,0
4089,0,0,0,0
4090,0,0,0,0
4091,0,0,0,0
4092,0,0,0,0
4093,0,0,0,0
4094,0,0,0,0
4095,0,0,0,0
4096,0,0,0,0
4097,0,0,0,0
4098,0,0,0,0
4099,0,0,0,0
4100,0,0,0,0
4101,0,0,0,0
4102,0,0,0,0
4103,0,0,0,0
4104,0,0,0,0
4105,0,0,0,0
4106,0,0,0,0
4107,0,0,0,0
4108,0,0,0,0
4109,0,0,0,0
4110,0,0,0,0
4111,0,0,0,0
4112,0,0,0,0
4113,0,0,0,0
4114,0,0,0,0
4115,0,0,0,0
4116,0,0,0,0
4117,0,0,0,0
4118,0,0,0,0
4119,0,0,0,0
4120,0,0,0,0
4121,0,0,0,0
4122,0,0,0,0
4123,0,0,0,0
4124,0,0,0,0
4125,0,0,0,0
4126,0,0,0,0
4127,0,0,0,0
4128,0,0,0,0
4129,0,0,0,0
4130,0,0,0,0
4131,0,0,0,0
4132,0,0,0,0
4133,0,0,0,0
4134,0,0,0,0
4135,0,0,0,0
4136,0,0,0,0
4137,0,0,0,0
4138,0,0,0,0
4139,0,0,0,0
4140,0,0,0,0
4141,0,0,0,0
4142,0,0,0,0
4143,0,0,0,0
4144,0,0,0,0
4145,0,0,0,0
4146,0,0,0,0
4147,0,0,0,0
4148,0,0,0,0
4149,0,0,0,0
4150,0,0,0,0
4151,0,0,0,0
4152,0,0,0,0
4153,0,0,0,0
4154,0,0,0,0
4155,0,0,0,0
4156,0,0,0,0
4157,4,1,1,0
4158,83,1,1,9
4159,53,0,1,0
4160,26,0,1,0
4161,0,0,0,0
4162,0,0,1,0
4163,23,1,1,2
4164,97,9,2,0
4165,0,0,1,0
4166,0,0,0,0
4167,0,0,0,0
4168,0,0,1,0
4169,0,0,1,0
4170,0,0,1,0
4171,0,0,1,0
4172,0,0,1,0
4173,0,0,1,0
4174,0,0,1,0
4175,0,0,1,0
4176,0,0,1,0
4177,0,0,0,0
4178,0,0,0,0
4179,0,0,0,0
4180,0,0,0,0
4181,0,0,0,0
4182,0,0,0,0
4183,0,0,0,0
4184,0,0,0,0
4185,0,0,0,0
4186,0,0,0,0
4187,0,0,0,0
4188,0,0,0,0
4189,0,0,0,0
4190,0,0,0,0
4191,0,0,0,0
4192,0,0,0,0
4193,0,0,0,0
4194,0,0,0,0
4195,0,0,0,0
4196,0,0,0,0
4197,0,0,0,0
4198,0,0,0,0
4199,0,0,0,0
4200,0,0,0,0
4201,0,0,0,0
4202,0,0,0,0
4203,0,0,0,0
4204,0,0,0,0
4205,0,0,0,0
4206,0,0,0,0
4207,0,0,0,0
4208,0,0,0,0
4209,0,0,0,0
4210,0,0,0,0
4211,0,0,0,0
4212,0,0,0,0
4213,0,0,0,0
4214,0,0,0,0
4215,0,0,0,0
4216,0,0,0,0
4217,0,0,0,0
4218,0,0,0,0
4219,0,0,0,0
4220,0,0,0,0
4221,0,0,0,0
4222,0,0,0,0
4223,0,0,0,0
4224,0,0,0,0
4225,0,0,0,0
4226,0,0,0,0
4227,0,0,0,0
4228,2,0,2,0
4229,33,0,3,0
4230,0,0,1,0
4231,0,0,1,0
4232,0,0,1,0
4233,6,0,1,0
4234,62,0,1,0
4235,10,0,1,1
4236,1,0,1,0
4237,0,3,1,0
4238,8,17,1,0
4239,13,7,2,0
4240,19,6,3,2
4241,9,2,1,0
4242,67,5,9,0
4243,27,6,9,12
4244,0,41,2,12
4245,0,33,3,2
4246,35,23,5,0
4247,6,21,4,0
4248,30,11,4,0
4249,74,16,5,0
4250,0,2,5,0
4251,0,20,4,0
4252,45,33,3,0
4253,0,22,8,0
4254,0,42,5,0
4255,11,48,12,0
4256,26,63,15,0
4257,108,49,31,0
4258,9,45,6,0
4259,0,38,3,0
4260,0,3,2,0
4261,1,5,5,1
4262,38,16,8,6
4263,62,28,33,8
4264,26,29,21,5
4265,33,39,31,10
4266,0,21,5,12
4267,0,25,4,0
4268,0,61,2,0
4269,6,54,5,0
4270,44,40,5,0
4271,87,43,39,0
4272,22,46,10,0
4273,7,57,5,0
4274,72,49,7,0
4275,5,45,5,0
4276,0,46,5,0
4277,6,40,5,0
4278,16,21,8,0
4279,58,46,50,0
4280,43,50,35,0
4281,67,46,41,0
4282,0,16,4,0
4283,0,0,1,0
4284,0,0,1,0
4285,0,0,1,0
4286,0,0,1,0
4287,0,0,1,0
4288,0,0,1,0
4289,0,0,1,0
4290,0,0,1,0
4291,0,0,1,0
4292,52,1,1,0
4293,16,5,1,0
4294,0,10,1,0
4295,21,36,1,0
4296,19,35,1,0
4297,0,67,1,0
4298,0,94,1,0
4299,0,99,1,0
4300,1,71,1,0
4301,51,44,1,0
4302,34,42,1,0
4303,0,55,1,0
4304,0,24,1,0
4305,0,47,1,0
4306,6,52,1,0
4307,72,35,1,0
4308,0,49,1,0
4309,0,38,1,0
4310,0,0,1,0
4311,0,0,1,0
4312,0,0,1,0
4313,0,0,1,0
4314,0,0,1,0
4315,0,0,1,0
4316,0,0,1,0
4317,0,4,4,0
4318,27,14,65,0
4319,0,23,2,0
4320,0,0,4,0
4321,18,33,88,0
4322,66,68,114,0
4323,59,68,102,0
4324,19,62,58,0
4325,0,74,3,0
4326,1,62,83,0
4327,0,41,17,0
4328,18,40,86,0
4329,28,36,79,0
4330,0,66,4,0
4331,0,66,4,0
4332,0,0,4,10
4333,7,0,2,11
4334,56,0,10,17
4335,16,1,5,38
4336,0,21,2,37
4337,0,35,2,43
4338,19,23,37,35
4339,27,32,51,30
4340,0,53,5,35
4341,0,5,21,37
4342,1,0,25,29
4343,44,0,41,38
4344,15,0,9,9
4345,0,0,13,13
4346,0,0,11,0
4347,0,4,2,0
4348,0,11,55,0
4349,12,27,125,0
4350,67,37,150,0
4351,24,42,116,0
4352,0,23,95,0
4353,0,9,13,0
4354,11,22,33,0
4355,70,38,71,0
4356,0,32,32,0
4357,22,37,79,0
4358,78,34,61,0
4359,0,31,7,0
4360,0,31,8,0
4361,19,38,36,0
4362,56,39,78,0
4363,0,46,40,0
4364,3,48,56,0
4365,45,33,73,0
4366,0,34,15,0
4367,41,34,70,0
4368,108,42,93,0
4369,8,50,12,0
4370,1,45,7,0
4371,52,37,60,0
4372,17,46,37,0
4373,0,65,5,0
4374,0,62,3,0
4375,3,11,2,0
4376,52,60,14,0
4377,115,79,71,0
4378,31,64,20,0
4379,42,47,54,0
4380,0,39,5,0
4381,0,20,2,0
4382,33,14,15,0
4383,94,44,83,0
4384,8,48,3,0
4385,46,41,17,0
4386,79,42,48,0
4387,45,68,116,0
4388,55,50,70,0
4389,6,35,11,0
4390,80,29,65,0
4391,0,16,40,0
4392,0,34,43,0
4393,7,27,48,0
4394,62,51,42,3
4395,3,48,18,20
4396,0,51,5,9
4397,45,36,23,8
4398,40,51,39,9
4399,38,44,52,7
4400,1,58,58,10
4401,49,50,42,22
4402,1,49,9,22
4403,32,45,20,14
4404,72,43,49,10
4405,11,7,18,4
4406,7,44,38,6
4407,61,48,32,8
4408,0,48,6,5
4409,36,54,3,0
4410,46,52,3,0
4411,0,66,2,0
4412,86,55,5,1
4413,0,48,1,0
4414,1,20,16,0
4415,44,46,71,0
4416,85,46,42,0
4417,45,45,37,0
4418,99,48,68,2
4419,0,2,7,0
4420,0,0,4,0
4421,0,0,2,0
4422,5,6,1,0
4423,45,11,8,0
4424,8,15,4,0
4425,34,14,2,0
4426,127,14,1,0
4427,40,20,1,0
4428,1,27,2,0
4429,0,22,9,0
4430,78,26,6,0
4431,8,16,2,0
4432,8,11,9,0
4433,32,0,49,0
4434,0,0,9,0
4435,0,0,13,0
4436,45,8,68,0
4437,3,14,17,0
4438,0,9,32,0
4439,16,23,4,0
4440,51,9,2,0
4441,0,0,2,0
4442,89,0,4,0
4443,42,0,3,0
4444,6,8,2,0
4445,55,38,4,0
4446,0,25,3,0
4447,54,50,1,0
4448,94,32,1,0
4449,5,22,1,0
4450,0,11,3,0
4451,0,25,2,0
4452,7,43,3,0
4453,6,38,4,0
4454,0,25,3,0
4455,34,37,17,3
4456,0,32,5,0
4457,0,29,7,0
4458,53,51,2,2
4459,38,37,3,0
4460,16,52,3,1
4461,84,42,7,0
4462,0,53,4,5
4463,60,9,5,0
4464,9,61,4,16
4465,33,65,4,5
4466,58,55,11,4
4467,14,56,4,5
4468,36,58,4,6
4469,128,60,17,11
4470,45,53,18,10
4471,0,52,50,3
4472,0,42,17,0
4473,0,15,2,0
4474,60,36,1,0
4475,145,43,2,0
4476,77,37,1,0
4477,95,57,40,0
4478,165,48,108,0
4479,141,40,91,0
4480,185,27,117,0
4481,124,25,57,0
4482,54,4,1,0
4483,55,19,5,0
4484,132,34,34,0
4485,95,37,18,3
4486,56,63,16,10
4487,59,63,68,32
4488,63,50,104,27
4489,0,29,36,3
4490,104,36,54,4
4491,48,13,7,2
4492,68,23,37,2
4493,13,8,1,3
4494,0,0,0,0
4495,47,0,2,15
4496,84,0,5,15
4497,14,0,1,5
4498,0,0,1,0
4499,0,0,1,0
4500,74,23,1,0
4501,59,18,1,0
4502,0,0,1,0
4503,10,0,1,0
4504,49,0,4,10
4505,1,0,2,0
4506,0,0,1,0
4507,0,0,1,0
4508,0,0,1,0
4509,0,2,2,0
4510,0,4,2,0
4511,1,2,1,0
4512,58,0,2,0
4513,35,0,2,0
4514,0,0,1,0
4515,0,0,1,0
4516,0,0,1,0
4517,0,0,1,0
4518,0,0,1,0
4519,0,0,1,0
4520,0,0,1,0
4521,0,0,1,0
4522,0,0,1,0
4523,0,0,1,0
4524,0,0,1,0
4525,0,0,1,0
4526,0,0,1,0
4527,0,0,1,0
4528,0,0,1,0
4529,0,0,1,0
4530,0,0,1,0
4531,0,0,1,0
4532,0,0,1,0
4533,0,0,1,0
4534,0,0,1,0
4535,0,0,1,0
4536,0,0,1,0
4537,0,0,1,0
4538,0,0,1,0
4539,0,0,1,3
4540,23,6,4,41
4541,61,13,24,63
4542,90,14,14,66
4543,96,11,8,68
4544,47,21,54,121
4545,93,13,8,96
4546,16,7,9,51
4547,144,33,40,56
4548,124,30,28,61
4549,111,28,9,74
4550,47,25,15,64
4551,124,19,9,51
4552,116,31,59,99
4553,181,30,67,89
4554,128,26,34,93
4555,155,24,24,85
4556,88,6,4,70
4557,39,13,4,48
4558,146,8,3,38
4559,36,12,4,49
4560,5,3,2,10
4561,0,0,0,0
4562,0,0,0,0
4563,0,0,0,0
4564,0,0,0,0
4565,0,0,0,0
4566,0,0,0,0
4567,0,0,0,0
4568,0,0,0,0
4569,0,0,0,0
4570,0,0,0,0
4571,0,0,0,0
4572,0,0,1,0
4573,0,0,1,0
4574,10,6,1,0
4575,166,0,4,0
4576,105,1,20,12
4577,24,22,49,40
4578,0,41,10,13
4579,0,1,1,0
4580,0,0,0,0
4581,0,0,0,0
4582,0,0,0,0
4583,0,95,2,0
4584,2,57,3,0
4585,0,0,1,0
4586,16,39,4,0
4587,168,50,76,0
4588,469,63,146,0
4589,442,58,141,0
4590,406,56,129,0
4591,390,62,121,0
4592,378,61,109,0
4593,400,67,109,0
4594,418,65,130,0
4595,163,64,138,38
4596,88,26,121,43
4597,4,1,4,0
4598,0,0,1,0
4599,5,0,78,10
4600,3,0,31,0
4601,61,0,43,0
4602,330,5,119,0
4603,468,32,224,31
4604,52,4,52,1
4605,21,8,2,33
4606,65,82,49,152
4607,171,82,146,120
4608,0,58,85,61
4609,0,17,3,2
4610,0,0,1,0
4611,0,0,0,0
4612,0,0,0,0
4613,0,7,2,20
4614,0,0,0,0
4615,0,17,2,8
4616,0,33,1,62
4617,0,13,0,53
4618,0,7,1,5
4619,0,7,2,16
4620,12,3,2,1
4621,0,2,2,2
4622,0,0,1,0
4623,0,0,1,0
4624,0,0,1,0
4625,0,0,1,0
4626,0,0,1,0
4627,1,0,1,0
4628,10,0,1,0
4629,0,0,1,0
4630,0,0,1,0
4631,0,0,1,0
4632,0,0,1,0
4633,0,0,1,0
4634,0,0,1,0
4635,0,0,1,0
4636,0,0,1,0
4637,0,0,1,0
4638,0,0,1,0
4639,0,0,1,0
4640,0,0,1,0
4641,0,0,1,0
4642,0,0,1,0
4643,0,0,1,0
4644,0,0,1,0
4645,0,0,1,0
4646,0,0,1,0
4647,0,0,1,0
4648,0,0,1,0
4649,0,0,1,0
4650,0,0,1,0
4651,0,0,1,0
4652,0,0,1,0
4653,0,0,1,0
4654,0,0,1,0
4655,0,0,1,0
4656,0,0,1,0
4657,0,0,1,0
4658,0,0,1,0
4659,0,0,1,0
4660,0,0,1,0
4661,0,0,1,0
4662,0,0,1,0
4663,0,0,1,0
4664,0,0,1,0
4665,0,0,1,0
4666,0,0,1,0
4667,0,0,1,0
4668,0,0,1,0
4669,0,0,1,0
4670,0,0,1,0
4671,0,0,1,0
4672,0,0,1,0
4673,0,0,1,0
4674,0,0,1,0
4675,0,0,1,0
4676,0,0,1,0
4677,0,0,1,0
4678,0,0,1,0
4679,0,0,1,0
4680,0,0,1,0
4681,0,0,1,0
4682,0,0,1,0
4683,0,0,1,0
4684,0,0,1,0
4685,0,0,1,0
4686,0,0,1,0
4687,0,0,1,0
4688,0,0,1,0
4689,0,0,1,0
4690,0,0,1,0
4691,0,0,1,0
4692,0,0,1,0
4693,0,0,1,0
4694,0,0,1,0
4695,0,0,1,0
4696,0,0,1,0
4697,0,0,1,0
4698,0,0,1,0
4699,0,0,1,0
4700,0,0,1,0
4701,0,0,1,0
4702,0,0,1,0
4703,0,0,1,0
4704,0,0,1,0
4705,0,0,1,0
4706,0,0,1,0
4707,0,0,1,0
4708,0,0,1,0
4709,0,0,1,0
4710,0,0,1,0
4711,0,0,1,0
4712,0,0,1,0
4713,0,0,1,0
4714,0,0,1,0
4715,0,0,1,0
4716,0,0,1,0
4717,0,0,1,0
4718,0,0,1,0
4719,0,0,1,0
4720,0,0,1,0
4721,0,0,1,0
4722,0,0,1,0
4723,0,0,1,0
4724,0,0,1,0
4725,0,0,1,0
4726,0,0,1,0
4727,0,0,1,0
4728,0,0,1,0
4729,0,0,1,0
4730,0,0,1,0
4731,0,0,1,0
4732,0,0,1,0
4733,0,0,1,0
4734,0,0,1,0
4735,0,0,1,0
4736,0,0,1,0
4737,0,0,1,0
4738,0,0,1,0
4739,0,0,1,0
4740,0,0,1,0
4741,0,0,1,0
4742,0,0,1,0
4743,0,0,1,0
4744,0,0,1,0
4745,0,0,1,0
4746,0,0,1,0
4747,0,0,1,0
4748,0,0,1,0
4749,0,0,1,0
4750,0,0,1,0
4751,0,0,1,0
4752,0,0,1,0
4753,0,0,1,0
4754,0,0,1,0
4755,0,0,1,0
4756,0,0,1,0
4757,0,0,1,0
4758,0,0,1,0
4759,0,0,1,0
4760,0,0,1,0
4761,0,0,1,0
4762,0,0,1,0
4763,0,0,1,0
4764,0,0,1,0
4765,0,0,1,0
4766,0,0,1,0
4767,0,0,1,0
4768,0,0,1,0
4769,0,0,1,0
4770,0,0,1,0
4771,0,0,1,0
4772,0,0,1,0
4773,0,0,1,0
4774,0,0,1,0
4775,0,0,1,0
4776,0,0,1,0
4777,0,0,1,0
4778,0,0,1,0
4779,0,0,1,0
4780,0,0,1,0
4781,0,0,1,0
4782,0,0,1,0
4783,0,0,1,0
4784,0,0,1,0
4785,0,0,1,0
4786,0,0,1,0
4787,0,0,1,0
4788,0,0,1,0
4789,0,0,1,0
4790,0,0,1,0
4791,0,0,1,0
4792,0,0,1,0
4793,0,0,1,0
4794,0,0,1,0
4795,0,0,1,0
4796,0,0,1,0
4797,0,0,1,0
4798,0,0,1,0
4799,0,0,1,0
4800,0,0,1,0
4801,0,0,1,0
4802,0,0,1,0
4803,0,0,1,0
4804,0,0,1,0
4805,0,0,1,0
4806,0,0,1,0
4807,0,0,1,0
4808,0,0,1,0
4809,0,0,1,0
4810,0,0,1,0
4811,0,0,1,0
4812,0,0,1,0
4813,0,0,1,0
4814,0,0,1,0
4815,0,0,1,0
4816,0,0,1,0
4817,0,0,1,0
4818,0,0,1,0
4819,0,0,1,0
4820,0,0,1,0
4821,0,0,1,0
4822,0,0,1,0
4823,0,0,1,0
4824,0,0,1,0
4825,0,0,1,0
4826,0,0,1,0
4827,0,0,1,0
4828,0,0,1,0
4829,0,0,1,0
4830,0,0,1,0
4831,0,0,1,0
4832,0,0,1,0
4833,0,0,1,0
4834,0,0,1,0
4835,0,0,1,0
4836,0,0,1,0
4837,0,0,1,0
4838,0,0,1,0
4839,0,0,1,0
4840,0,0,1,0
4841,0,0,1,0
4842,0,0,1,0
4843,0,0,1,0
4844,0,0,1,0
4845,0,0,1,0
4846,0,0,1,0
4847,0,0,1,0
4848,0,0,1,0
4849,0,0,1,0
4850,0,0,1,0
4851,0,0,1,0
4852,0,0,1,0
4853,0,0,1,0
4854,0,0,1,0
4855,0,0,1,0
4856,0,0,1,0
4857,0,0,1,0
4858,0,0,1,0
4859,0,0,1,0
4860,0,0,1,0
4861,0,0,1,0
4862,0,0,1,0
4863,0,0,1,0
4864,0,0,1,0
4865,0,0,1,0
4866,0,0,1,0
4867,0,0,1,0
4868,0,0,1,0
4869,0,0,1,0
4870,0,0,1,0
4871,0,0,1,0
4872,0,0,1,0
4873,0,0,1,0
4874,0,0,1,0
4875,0,0,1,0
4876,0,0,1,0
4877,0,0,1,0
4878,0,0,1,0
4879,0,0,1,0
4880,0,0,1,0
4881,0,0,1,0
4882,0,0,1,0
4883,0,0,1,0
4884,0,0,1,0
4885,0,0,1,0
4886,0,0,1,0
4887,0,0,1,0
4888,0,0,1,0
4889,0,0,1,0
4890,0,0,1,0
4891,0,0,1,0
4892,0,0,1,0
4893,0,0,1,0
4894,0,0,1,0
4895,0,0,1,0
4896,0,0,1,0
4897,0,0,1,0
4898,0,0,1,0
4899,0,0,31,85
4900,0,0,1,138
4901,0,0,1,202
4902,0,0,1,124
4903,0,0,1,80
4904,13,0,9,37
4905,57,0,55,120
4906,169,0,115,109
4907,27,1,18,145
4908,36,4,90,127
4909,78,26,179,149
4910,41,36,99,146
4911,23,11,27,120
4912,109,0,1,70
4913,62,0,5,105
